;; Sri Ganeshji : Sri Balaji : Sri Pitreshwarji : Sri Durgaji : Sri Venkateshwara ,,,,,,,,,,,,,,,,,,,,,,,,,,,,,,,,,,,
;; Section/Object ,SDFId of Object,IsPrimary,IsRecursive,HasMstTree,HasValidFunc,HasPrepareFunc,RF Required 1,RF Required 2,Is OR Test,HasSplitFunc,HasIsEmptyFunc,ObjNameRF,Section Close,,,COMMENTS (must start with //),,,,,,,,,,,,,,,,,,,
[*COLLECTIONS],,,,,,,,,,,,,,,,,,,,,,,,,,,,,,,,,,,
,,,,,,,,,,,,,,,,,,,,,,,,,,,,,,,,,,,
;; FLD Name, Type,Level, RF Name, TDL Name, Default Value, Repeated, Object Name,MST OBJ Name, IsUnique, UniqueRF for Aggr / BaseDate For DateRange, SchemaInEditModeOnly,IsInherited,IsCacheRequired,SourceCollection,IsSysNameIsString,Required For Remoting,NatLang Accessible,NatLang Aliases,FromDateParmApplicable,ToDateParmApplicable,ValMethodParmApplicable,ScenarioParmApplicable,ObjIdentiferParm,View,IsConsumable,Read/Write,IsInitiallyGathered,IsEncrypted,IsExportable,RFSrcType,RFSrcTdlExp,RegeneratesObj,DependencyType,Is Status Type,COMMENTS(muststartwith//)
,,,,,,,,,,,,,,,,,,,,,,,,,,,,,,,,,,,
*NULL, AGGR,, RF_ITEM_MOVEMENT, Item Movement, NULL, TRUE, OBJ_ITEM_MOVEMENT,,,,,,,,,,,,,,,,,,,,,,,,,,,,
,,,,,,,,,,,,,,,,,,,,,,,,,,,,,,,,,,,
";; Aliases for internal UDFs which are migrated to UDF. ,,,,,,,,,,,,,,,,",,,,,,,,,,,,,,,,,,,,,,,,,,,,,,,,,,,
,,,,,,,,,,,,,,,,,,,,,,,,,,,,,,,,,,,
*NULL, STR,, RF_SHIPPED_BY,Shipped By, NULL, FALSE, NULL,,,,,,,,,,,,,,,,,,,,,,,,,,,,
*NULL, STR,, RF_DESTINATION_COUNTRY,Destination Country, NULL, FALSE, NULL,,,,,,,,,,,,,,,,,,,,,,,,,,,,
*NULL, STR,, RF_BUYER_NAME,Buyer NAme, NULL, FALSE, NULL,,,,,,,,,,,,,,,,,,,,,,,,,,,,
*NULL, STR,, RF_BUYER_ADDRESS,Buyer Address, NULL, TRUE, NULL,,,,,,,,,,,,,,,,,,,,,,,,,,,, // Repeted For Buyer Address
*NULL, STR,, RF_PLACE_OF_RECEIPT,Place Of Receipt, NULL, FALSE, NULL,,,,,,,,,,,,,,,,,,,,,,,,,,,,
*NULL, STR,, RF_SHIP_DOCUMENT_NO,Ship Document No, NULL, FALSE, NULL,,,,,,,,,,,,,,,,,,,,,,,,,,,,
*NULL, STR,, RF_PORT_OF_LOADING,Port Of Loading, NULL, FALSE, NULL,,,,,,,,,,,,,,,,,,,,,,,,,,,,
*NULL, STR,, RF_PORT_OF_DISCHARGE,Port Of Discharge, NULL, FALSE, NULL,,,,,,,,,,,,,,,,,,,,,,,,,,,,
*NULL, STR,, RF_FINAL_DESTINATION,Final Destination, NULL, FALSE, NULL,,,,,,,,,,,,,,,,,,,,,,,,,,,,
*NULL, STR,, RF_ORDER_REF,Order Ref, NULL, FALSE, NULL,,,,,,,,,,,,,,,,,,,,,,,,,,,,
*NULL, STR,, RF_ORDER_TERMS,Order Terms, NULL, TRUE,NULL,,,,,,,,,,,,,,,,,,,,,,,,,,,, // Repeted For Order Terms
*NULL, STR,, RF_SHIP_VESSEL_NO,Ship Vessel No, NULL, FALSE, NULL,,,,,,,,,,,,,,,,,,,,,,,,,,,,
*NULL, STR,, RF_BUYERS_SALES_TAX_NO,Buyers Sales tax No, NULL, FALSE, NULL,,,,,,,,,,,,,,,,,,,,,,,,,,,,
*NULL, STR,, RF_DUE_DATE_OF_PAYMENT,DueDateOfPymt, NULL, FALSE, NULL,,,,,,,,,,,,,,,,,,,,,,,,,,,,
*NULL, STR,, RF_SERIAL_NUM_IN_PLA,Serial Num In PLA, NULL, FALSE, NULL,,,,,,,,,,,,,,,,,,,,,,,,,,,,
*NULL, STR,, RF_DATE_TIME_OF_INVOICE,Date Time Of Invoice, NULL, FALSE, NULL,,,,,,,,,,,,,,,,,,,,,,,,,,,,
*NULL, STR,, RF_DATE_TIME_OF_REMOVAL,Date Time Of Removal, NULL, FALSE, NULL,,,,,,,,,,,,,,,,,,,,,,,,,,,,
,,,,,,,,,,,,,,,,,,,,,,,,,,,,,,,,,,,
*NULL,STR,, RF_GROUP_IS_CALCULABLE,Group Is Calculable, NULL, FALSE, NULL,,,,,,,,,,,,,,,,,,,,,,,,,,,,
,,,,,,,,,,,,,,,,,,,,,,,,,,,,,,,,,,,
*NULL,STR,, RF_DELNOTE_ID,Ship Delivery Note, NULL, FALSE,,,,,,,,,,,,,,,,,,,,,,,,,,,,,
*NULL, DATE,, RF_DELNOTE_DATE,Shipping Date, NULL, FALSE, NULL,,,,,,,,,,,,,,,,,,,,,,,,,,,,
,,,,,,,,,,,,,,,,,,,,,,,,,,,,,,,,,,,
*NULL,STR,, RF_ORDER_ID,PurchaseOrderNo, NULL, FALSE,,,,,,,,,,,,,,,,,,,,,,,,,,,,, //  BGNOTE: these may not be LNKMSTS ... since they cud be 'created' during entry (which info comes in the VchEntry ultimately)
*NULL, DATE,, RF_ORDER_DATE,Order Date, NULL, FALSE, NULL,,,,,,,,,,,,,,,,,,,,,,,,,,,,
,,,,,,,,,,,,,,,,,,,,,,,,,,,,,,,,,,,
*NULL, STR,, RF_PACKAGE_MARKS,Package Marks, NULL, FALSE, NULL,,,,,,,,,,,,,,,,,,,,,,,,,,,,
*NULL, STR,, RF_NUM_PACKAGES,Num Packages, NULL, FALSE, NULL ,,,,,,,,,,,,,,,,,,,,,,,,,,,,
*NULL, STR,, RF_USER_DESCRIPTION,User Description, NULL, TRUE, NULL,,,,,,,,,,,,,,,,,,,,,,,,,,,, // Repeted For UserDescription
,,,,,,,,,,,,,,,,,,,,,,,,,,,,,,,,,,,
*NULL, STR,, RF_TYPE_OF_DUTY,Type Of Duty, NULL, FALSE, NULL                                                            ,, , ,,,RF,,,,,,,,,,,,,,,,,,,,,,
,,,,,,,,,,,,,,,,,,,,,,,,,,,,,,,,,,,
*NULL, STR,, RF_TARIFF_TYPE,Tariff Type, NULL, FALSE, NULL,,,,,,,,,,,,,,,,,,,,,,,,,,,,
*NULL, NUM,, RF_RATE_OF_EXCISE,Rate Of Excise, NULL, FALSE, NULL,,,,,,,,,,TRUE,,,,,,,,,,,,,,,,,,
,,,,,,,,,,,,,,,,,,,,,,,,,,,,,,,,,,,
*NULL, STR,, RF_BASE_PARTY_NAME,Base Party Name, NULL, FALSE, NULL,,,,,,,,,,,,,,,,,,,,,,,,,,,,
*NULL, STR,, RF_VOUCHER_CHEQUE_NAME,Voucher Cheque Name, NULL, FALSE, NULL,,,,,,,,,,,,,,,,,,,,,,,,,,,,
*NULL, STR,, RF_VOUCHER_CROSS_COMMENT,Voucher Cross Comment, NULL, FALSE, NULL,,,,,,,,,,,,,,,,,,,,,,,,,,,,
,,,,,,,,,,,,,,,,,,,,,,,,,,,,,,,,,,,
*NULL, DATE,, RF_BANKERS_DATE,Bankers Date, NULL, TRUE, NULL          ,,,,,,,,,,,,,,,,,,,,,,,,,,,,
,,,,,,,,,,,,,,,,,,,,,,,,,,,,,,,,,,,
*NULL, NUM,, RF_RATE_OF_INVOICE_TAX,Rate Of Invoice Tax, NULL, TRUE, NULL,,,,,,,,,,,,,,,,,,,,,,,,,,,, //  repeated for ledger entries
,,,,,,,,,,,,,,,,,,,,,,,,,,,,,,,,,,,
*NULL, STR,, RF_COMPANY_FORMAL_NAME,Company Formal Name, NULL, FALSE, NULL                       ,, , , ,,,,,,TRUE,,,,,,,,,,,,,,,,,,
,,,,,,,,,,,,,,,,,,,,,,,,,,,,,,,,,,,
;; Aliases for RFs used in App INI Config Object,,,,,,,,,,,,,,,,,,,,,,,,,,,,,,,,,,,
,,,,,,,,,,,,,,,,,,,,,,,,,,,,,,,,,,,
*NULL, STR,,RF_INI_LIC_SERVER,Tally Gateway Server, NULL, FALSE, NULL,,,,,,,,,,,,,,,,,,,,,,,,,,,,
*NULL, STR,,RF_INI_LIC_SERVER,Tally License Server, NULL, FALSE, NULL,,,,,,,,,,,,,,,,,,,,,,,,,,,,
*NULL,STR,,RF_INI_LIC_PATH,License Path,NULL,FALSE,NULL,,,,,,,,,,,,,,,,,,,,,,,,,,,,
,,,,,,,,,,,,,,,,,,,,,,,,,,,,,,,,,,,
[RFCOLLECTIONS],,,,,,,,,,,,,,,,,,,,,,,,,,,,,,,,,,,"// Can be any Master (OBJ_LEDGER, OBJ_GROUP… )"
,,,,,,,,,,,,,,,,,,,,,,,,,,,,,,,,,,,// used to construct filter Tree
*NULL, AGGR,, RF_VOUCHERS, Vouchers, NULL, TRUE, OBJ_VOUCHER,,,,,,,,,,,,,,,,,,,,,,,,,,,,// used to construct filter Tree
*NULL, AGGR,, RF_ITEM_MOVEMENT, Item Movement, NULL, TRUE, OBJ_ITEM_MOVEMENT,,,,,,,,,,,,,,,,,,,,,,,,,,,,
*NULL,AGGR,,RF_MASTERS,Masters,NULL,TRUE,OBJ_UNKNOWN,,,,,,,,,,,,,,,,,,,,,,,,,,,,
*NULL,AGGR,,RF_FILTER,Filter,NULL,TRUE,OBJ_UNKNOWN,,,,,,,,,,,,,,,,,,,,,,,,,,,,
*NULL,AGGR,,RF_COLL_FILTER,Collection Filter,NULL,TRUE,OBJ_UNKNOWN,,,,,,,,,,,,,,,,,,,,,,,,,,,,
*NULL,AGGR,,RF_TAXOBJECTS,TaxObjects,NULL,TRUE,OBJ_TAXOBJECT,,,,,,,,,,,,,,,,,,,,,,,,,,,,
*NULL,AGGR,,RF_NAT_LANG_KEYS,NatLangKeys, NULL, TRUE, OBJ_NAT_LANG_KEYS,,,,,,,,,,,,,,,,,,,,,,,,,,,,
*NULL, AGGR,, RF_SUM_TRANS, Summary Transactions, NULL, TRUE, OBJ_SUMMARY_TRANS,,,,,,,,,,,,,,,,,,,,,,,,,,,,// used to construct filter Tree
*NULL, AGGR,, RF_RETURN_OBJECTS,ReturnObjects, NULL, TRUE, OBJ_RETURN_OBJECTS,,,,,,,,,,,,,,,,,,,,,,,,,,,,
*NULL, AGGR,,RF_BANK_TRANSACTIONS,BankTransactions, NULL, TRUE,OBJ_PAY_LINK,,,,,,,,,,,,,,,,,,,,,,,,,,,,
*NULL, AGGR,,RF_VOUCHERS_OF_RET_EFF_DATE,Vouchers of Return Effective Date,NULL,TRUE,OBJ_VOUCHER,,,,,,,,,,,,,,,,,,,,,,,,,,,,
*NULL, AGGR,,RF_RETURN_TRANS,Return Transactions, NULL, TRUE,OBJ_RETURN_TRANS,,,,,,,,,,,,,,,,,,,,,,,,,,,,
*NULL, AGGR,,RF_INMEMORY,In Memory, NULL, TRUE,OBJ_UNKNOWN,,,,,,,,,,,,,,,,,,,,,,,,,,,,
*NULL,AGGR,,RF_USER_AGGR,Purpose Aggregate,NULL,TRUE,OBJ_USER_AGGR,,,,,,,,,,,,,,,,,,,,,,,,,,,,
*NULL,AGGR,,RF_USER_PURPOSE_AGGR,User Purpose Aggregate,NULL,TRUE,OBJ_USER_AGGR,,,,,,,,,,,,,,,,,,,,,,,,,,,,
*NULL,AGGR,,RF_FETCHED_PURPOSE_AGGR,Fetched Purpose Aggregate,NULL,TRUE,OBJ_USER_AGGR,,,,,,,,,,,,,,,,,,,,,,,,,,,,
*NULL,AGGR,,RF_ACCOUNTING_PURPOSE_AGGR,Accounting Purpose Aggregate,NULL,TRUE,OBJ_USER_AGGR,,,,,,,,,,,,,,,,,,,,,,,,,,,,
*NULL,AGGR,,RF_COMPANY_AGGR,CompanyAggregate,NULL,TRUE,OBJ_USER_AGGR,,,,,,,,,,,,,,,,,,,,,,,,,,,,
*NULL,AGGR,,RF_VOUCHER_STATUS,Voucher Status,NULL,TRUE,OBJ_UNKNOWN,,,,,,,,,,,,,,,,,,,,,,,,,,,,
*NULL,AGGR,,RF_PRE_PERIOD_VOUCHER_STATUS,PrePeriod Voucher Status,NULL,TRUE,OBJ_UNKNOWN,,,,,,,,,,,,,,,,,,,,,,,,,,,,
*NULL, AGGR,,RF_REFERENCE_NUMBER,Reference Number, NULL, TRUE,OBJ_UNKNOWN,,,,,,,,,,,,,,,,,,,,,,,,,,,,
,,,,,,,,,,,,,,,,,,,,,,,,,,,,,,,,,,,
[LIBRF],,,,,,,,,,,,,,,,,,,,,,,,,,,,,,,,,,,
,,,,,,,,,,,,,,,,,,,,,,,,,,,,,,,,,,,
*NULL,NUM,,RF_VALUE,Value,NULL,FALSE,NULL,,,,,,,,,,TRUE,,,,,,,,,,,,,,,,,,
*NULL,STR,,RF_SOURCE,Source,NULL,FALSE,NULL,,,,,,,,,,,,,,,,,,,,,,,,,,,,
,,,,,,,,,,,,,,,,,,,,,,,,,,,,,,,,,,,
[ITEM_MOVEMENT:Item Movement,,FALSE,FALSE,FALSE,FALSE,FALSE,,,,,,,],,,,,,,,,,,,,,,,,,,,,,
,,,,,,,,,,,,,,,,,,,,,,,,,,,,,,,,,,,
*NULL, QTY,, RF_BILLED_QTY, Billed Qty, NULL, FALSE,,,,,,,,,,,TRUE,BilledQuantity,,,,,,,,,,,,,,,,,
*NULL, QTY,, RF_ACTUAL_QTY, Actual Qty, NULL, FALSE,,,,,,,,,,,TRUE,Actual Quantity,,,,,,,,,,,,,,,,,
*NULL, RATE,, RF_AVG_PURC_PRICE, AvgPurcPrice, NULL, FALSE,,,,,,,,,,,,,,,,,,,,,,,,,,,,,
*NULL, AMT,, RF_PURC_VALUE, PurcValue, NULL, FALSE,,,,,,,,,,,,,,,,,,,,,,,,,,,,,
*NULL, AMT,, RF_ADDL_AMOUNT, Addl Amount, NULL, FALSE,,,,,,,,,,,,,,,,,,,,,,,,,,,,,
*NULL, AMT,, RF_AMOUNT, Amount, NULL, FALSE,,,,,,,,,,,,,,,,,,,,,,,,,,,,,
*NULL, RATE,, RF_AVG_PURC_COST, AvgPurcCost, NULL, FALSE,,,,,,,,,,,,,,,,,,,,,,,,,,,,,
*NULL, BOOL,, RF_IS_INWARDS, Is Inwards, NULL, FALSE,,,,,,,,,,,,,,,,,,,,,,,,,,,,,
*NULL, RATE,, RF_AVG_SALE_PRICE, AvgSalePrice, NULL, FALSE,,,,,,,,,,,,,,,,,,,,,,,,,,,,,
*NULL, AMT,, RF_SALE_VALUE, SaleValue, NULL, FALSE,,,,,,,,,,,,,,,,,,,,,,,,,,,,,
*NULL, DATE,, RF_DATE, Date, NULL, FALSE,,,,,,,,,,,,,,,,,,,,,,,,,,,,,
*NULL, STR,, RF_LEDGER_NAME, Ledger Name, NULL, FALSE,,,,,,,,,,,,,,,,,,,,,,,,,,,,,
*NULL, STR,, RF_VCHTYPE_NAME, Voucher Type Name, NULL, FALSE,,,,,,,,,,,,,,,,,,,,,,,,,,,,,
*NULL, AGGR,, RF_VOUCHERS, Vouchers, NULL, TRUE, OBJ_VOUCHER,,,,,,,,,,,,,,,,,,,,,,,,,,,,// used to construct filter Tree
*NULL, DATE,, RF_BATCH_MFD_ON, Mfd On, NULL, FALSE, NULL,,,,,,,,,,,,,,,,,,,,,,,,,,,,
*NULL, DATE_RANGE,, RF_BATCH_EXPIRY_PERIOD, Expiry Period, NULL, FALSE, NULL,,,,,,,,,,,,,,,,,,,,,,,,,,,,
*NULL,STR,, RF_BATCH_NAME, Batch Name, NULL, FALSE,NULL,,,,,,,,,,,,,,,,,,,,,,,,,,,,
*NULL,STR,, RF_BATCH_GDWN_NAME, Godown Name, NULL, FALSE,NULL,,,,,,,,,,,,,,,,,,,,,,,,,,,,
,,,,,,,,,,,,,,,,,,,,,,,,,,,,,,,,,,,
[LANGUAGE:Language,,FALSE,FALSE,FALSE,FALSE,FALSE,,,,,,,],,,,,,,,,,,,,,,,,,,,,,
,,,,,,,,,,,,,,,,,,,,,,,,,,,,,,,,,,,
*NULL, STR,, RF_NAME, Name, NULL, FALSE, NULL,,,,,,,,,,,,,,,,,,,,,,,,,,,,
*NULL,STR,, RF_BASE_NAME,Base Name, NULL, FALSE, NULL,,,,,,,,,,TRUE,,,,,,,,,,,,,,,,,,
*NULL,NUM,, RF_LANG_ID, Language Id, NULL, FALSE, NULL,,,,,,,,,,,,,,,,,,,,,,,,,,,,
*NULL,STR,,RF_KBD_NAME,Keyboard Layout Name,NULL,FALSE,NULL,,,,,,,,,,,,,,,,,,,,,,,,,,,,
,,,,,,,,,,,,,,,,,,,,,,,,,,,,,,,,,,,
,,,,,,,,,,,,,,,,,,,,,,,,,,,,,,,,,,,
[TCP_PROD:TCP Products,,FALSE,FALSE,FALSE,FALSE,FALSE,RF_TCP_DESC,,,,,,],,,,,,,,,,,,,,,,,,,,,,
,,,,,,,,,,,,,,,,,,,,,,,,,,,,,,,,,,,
*NULL, STR,, RF_TCP_DESC, TCP Description, NULL, FALSE, NULL,,,,,,,,,,,,,,,,,,,,,,,,,,,,
*NULL, AGGR,, RF_TCP_AUTHOR_NAME, TCP Author Name, NULL, FALSE, NULL,,,,,,,,,,,,,,,,,,,,,,,,,,,,
*NULL, STR,, RF_TCP_IS_ENABLED, TCP Is Enabled, NULL, FALSE, NULL,,,,,,,,,,,,,,,,,,,,,,,,,,,,
,,,,,,,,,,,,,,,,,,,,,,,,,,,,,,,,,,,
[DUN:DialUp Names,,FALSE,FALSE,FALSE,FALSE,FALSE,,,,,,,],,,,,,,,,,,,,,,,,,,,,,
,,,,,,,,,,,,,,,,,,,,,,,,,,,,,,,,,,,
*NULL, STR,, RF_NAME, Name, NULL, FALSE, NULL,,,,,,,,,,,,,,,,,,,,,,,,,,,,
,,,,,,,,,,,,,,,,,,,,,,,,,,,,,,,,,,,
[NEWS_TITLE:News Title,,FALSE,FALSE,FALSE,FALSE,,,,, NULL,,,],,,,,,,,,,,,,,,,,,,,,,
,,,,,,,,,,,,,,,,,,,,,,,,,,,,,,,,,,,
*NULL, STR,, RF_NAME, Name, NULL, FALSE, NULL,,,,,,,,,,,,,,,,,,,,,,,,,,,,
*NULL, AGGR,, RF_AUX_NAME, Additional Name, NULL, FALSE, NULL,,,,,,,,,,,,,,,,,,,,,,,,,,,,
*NULL, AGGR,, NULL, NULL, NULL, TRUE, OBJ_NEWS_BODY,, NULL,,,,,,,,,,,,,,,,,,,,,,,,,,
,,,,,,,,,,,,,,,,,,,,,,,,,,,,,,,,,,,
[NEWS_BODY:News Body,,FALSE,FALSE,FALSE,FALSE,FALSE,RF_NAME,,,,,,],,,,,,,,,,,,,,,,,,,,,,
,,,,,,,,,,,,,,,,,,,,,,,,,,,,,,,,,,,
*NULL, STR,, RF_NAME, Name, NULL, FALSE, NULL,,,,,,,,,,,,,,,,,,,,,,,,,,,,
*NULL, NUM,, RF_NEWS_INDENT, News Indent, NULL, FALSE, NULL,,,,,,,,,,,,,,,,,,,,,,,,,,,,
*NULL, STR,, RF_NEWS_COLOR, News Color, NULL, FALSE, NULL,,,,,,,,,,,,,,,,,,,,,,,,,,,,
*NULL, BOOL,, RF_NEWS_IS_BOLD, News Bold, NULL, FALSE, NULL,,,,,,,,,,,,,,,,,,,,,,,,,,,,
,,,,,,,,,,,,,,,,,,,,,,,,,,,,,,,,,,,
[UI_LANGUAGE:UILanguage,,FALSE,FALSE,FALSE,FALSE,FALSE,,,,,,,],,,,,,,,,,,,,,,,,,,,,,
,,,,,,,,,,,,,,,,,,,,,,,,,,,,,,,,,,,
*NULL, STR,, RF_NAME, Name, NULL, FALSE, NULL,,,,,,,,,,,,,,,,,,,,,,,,,,,,
*NULL, STR,, RF_AUX_NAME, Additional Name, NULL, FALSE, NULL,,,,,,,,,,,,,,,,,,,,,,,,,,,,
*NULL,NUM,, RF_LANG_ID, Language Id, NULL, FALSE, NULL,,,,,,,,,,,,,,,,,,,,,,,,,,,,
*NULL, STR,, RF_BASE_NAME, Base Name, NULL, FALSE, NULL,,,,,,,,,,,,,,,,,,,,,,,,,,,,
*NULL, BOOL,, RF_PRINT_ONLY, Print Only, NULL, FALSE, NULL,,,,,,,,,,,,,,,,,,,,,,,,,,,,
*NULL, STR,, RF_AUTHOR_NAME, Author Name, NULL, FALSE, NULL,,,,,,,,,,,,,,,,,,,,,,,,,,,,
,,,,,,,,,,,,,,,,,,,,,,,,,,,,,,,,,,,
[ADDON: Addon :Addons,,TRUE,FALSE,FALSE,FALSE,FALSE,,,,,,,],,,,,,,,,,,,,,,,,,,,,,
,,,,,,,,,,,,,,,,,,,,,,,,,,,,,,,,,,,
*NULL, STR,, RF_ADDON_NAME, Addon Name, NULL, FALSE, NULL,,,,,,,,,,,,,,,,,,,,,,,,,,,,
*NULL, STR,, RF_ADDON_GUID, Addon Guid, NULL, FALSE, NULL,,,,,,,,,,,,,,,,,,,,,,,,,,,,
*NULL,STR,, RF_ADDON_DISPLAY_DATE, Addon Display Date, NULL, FALSE, NULL,,,,,,,,,,,,,,,,,,,,,,,,,,,,
*NULL,STR,,RF_ADDON_FILE_NAME,Addon FileName, NULL,FALSE, NULL,,,,,,,,,,,,,,,,,,,,,,,,,,,,
*NULL,STR,,RF_ADDON_AUTHOR_NAME,Addon AuthorName, NULL,FALSE, NULL,,,,,,,,,,,,,,,,,,,,,,,,,,,,
*NULL,BOOL,,RF_ADDON_IS_LOADED,Addon IsLoaded, NULL,FALSE, NULL,,,,,,,,,,,,,,,,,,,,,,,,,,,,
*NULL,NUM,,RF_ADDON_KEY,Addon Key, NULL,FALSE, NULL,,,,,,,,,,,,,,,,,,,,,,,,,,,,
*NULL,STR,,RF_ADDON_FORMAT,Addon Format, NULL,FALSE, NULL,,,,,,,,,,,,,,,,,,,,,,,,,,,,
*NULL,STR,,RF_ADDON_TDL_TYPE,Addon Type, NULL,FALSE, NULL,,,,,,,,,,,,,,,,,,,,,,,,,,,,
*NULL,BOOL,,RF_ADDON_LOAD_ALLOWED,Addon Is Load Allowed, NULL,FALSE, NULL,,,,,,,,,,,,,,,,,,,,,,,,,,,,
*NULL,STR,,RF_ADDON_HAS_ERRORS,Addon Has Errors, NULL,FALSE, NULL,,,,,,,,,,,,,,,,,,,,,,,,,,,,
*NULL,BOOL,,RF_ADDON_IS_INTERNAL,Addon IsInternal, NULL,FALSE, NULL,,,,,,,,,,,,,,,,,,,,,,,,,,,,
*NULL,STR,,RF_ADDON_ERROR,Addon Error,NULL,FALSE,NULL,,,,,,,,,,,,,,,,,,,,,,,,,,,,
*NULL,STR,,RF_ADDON_LICENSE_TYPE,Addon License Type, NULL,FALSE, NULL,,,,,,,,,,,,,,,,,,,,,,,,,,,,
*NULL,STR,,RF_ADDON_SOURCE_TYPE,Addon Source Type, NULL,FALSE, NULL,,,,,,,,,,,,,,,,,,,,,,,,,,,,
*NULL,BOOL,,RF_ADDON_UPDATES,Addon Updates,NULL,FALSE,NULL,,,,,,,,,,,,,,,,,,,,,,,,,,,,
*NULL,NUM,,RF_ADDON_COMMERCIAL_TYPE,Addon Commercial Type, NULL,FALSE, NULL,,,,,,,,,,,,,,,,,,,,,,,,,,,,
*NULL,STR,,RF_ADDON_LATEST_VERSION,Addon Latest Version, NULL,FALSE, NULL,,,,,,,,,,,,,,,,,,,,,,,,,,,,
*NULL,STR,,RF_ADDON_HAS_HELP_FILE,Addon Has Help File, NULL,FALSE, NULL,,,,,,,,,,,,,,,,,,,,,,,,,,,,
*NULL,STR,,RF_ADDON_AUTHOR_EMAIL,Addon Author Email, NULL,FALSE, NULL,,,,,,,,,,,,,,,,,,,,,,,,,,,,
*NULL,STR,,RF_ADDON_AUTHOR_URL,Addon Author URL, NULL,FALSE, NULL,,,,,,,,,,,,,,,,,,,,,,,,,,,,
*NULL,STR,,RF_ADDON_VERSION,Addon Version, NULL,FALSE, NULL,,,,,,,,,,,,,,,,,,,,,,,,,,,,
*NULL,STR,,RF_ADDON_PRODUCT_ID,Addon Product ID, NULL,FALSE, NULL,,,,,,,,,,,,,,,,,,,,,,,,,,,,
*NULL,STR,,RF_ADDON_STORY_URL,Addon Story URL, NULL,FALSE, NULL,,,,,,,,,,,,,,,,,,,,,,,,,,,,
*NULL,STR,,RF_ADDON_SHORT_DESC,Addon Short Description, NULL,FALSE, NULL,,,,,,,,,,,,,,,,,,,,,,,,,,,,
*NULL,BOOL,,RF_ADDON_IS_APPLICABLE,Addon Is Applicable,NULL,FALSE,NULL,,,,,,,,,,,,,,,,,,,,,,,,,,,,
*NULL,BOOL,,RF_ADDON_IS_DOWNLOADED,Addon Is Downloaded,NULL,FALSE,NULL,,,,,,,,,,,,,,,,,,,,,,,,,,,,
*NULL,BOOL,,RF_ADDON_IS_DOWNLOADING,Addon Is Downloading,NULL,FALSE,NULL,,,,,,,,,,,,,,,,,,,,,,,,,,,,
*NULL,BOOL,,RF_ADDON_IS_CURRENT,Addon Is Current,NULL,FALSE,NULL,,,,,,,,,,,,,,,,,,,,,,,,,,,,
*NULL,NUM,,RF_ADDON_MAJOR_REL,Addon Major Release, NULL,FALSE, NULL,,,,,,,,,,,,,,,,,,,,,,,,,,,,
*NULL,NUM,,RF_ADDON_MINOR_REL,Addon Minor Release, NULL,FALSE, NULL,,,,,,,,,,,,,,,,,,,,,,,,,,,,
*NULL,NUM,,RF_ADDON_MNT_REL,Addon Mnt Release, NULL,FALSE, NULL,,,,,,,,,,,,,,,,,,,,,,,,,,,,
,,,,,,,,,,,,,,,,,,,,,,,,,,,,,,,,,,,
[SHOP_ADDON:ShopAddon : ShopAddons,,TRUE,FALSE,FALSE,FALSE,FALSE,,,,,,,],,,,,,,,,,,,,,,,,,,,,,
,,,,,,,,,,,,,,,,,,,,,,,,,,,,,,,,,,,
*NULL, STR,, RF_ADDON_NAME, Addon Name, NULL, FALSE, NULL,,,,,,,,,,,,,,,,,,,,,,,,,,,,
*NULL, STR,, RF_ADDON_DESC, Addon Desc, NULL, FALSE, NULL,,,,,,,,,,,,,,,,,,,,,,,,,,,,
*NULL, STR,, RF_ADDON_CATEGORY, Addon Category, NULL, FALSE, NULL,,,,,,,,,,,,,,,,,,,,,,,,,,,,
*NULL, STR,, RF_ADDON_GUID, Addon Guid, NULL, FALSE, NULL,,,,,,,,,,,,,,,,,,,,,,,,,,,,
*NULL, STR,, RF_ADDON_CURRENCY, Addon Currency, NULL, FALSE, NULL,,,,,,,,,,,,,,,,,,,,,,,,,,,,
*NULL, STR,, RF_ADDON_PRICE, Addon MRP Price, NULL, FALSE, NULL,,,,,,,,,,,,,,,,,,,,,,,,,,,,
*NULL, STR,, RF_ADDON_DISCOUNT_PRICE, Addon TVP Price, NULL, FALSE, NULL,,,,,,,,,,,,,,,,,,,,,,,,,,,,
*NULL, BOOL,, RF_MULTIPLE_QTY, Is Multiple Qty, NULL, FALSE, NULL,,,,,,,,,,,,,,,,,,,,,,,,,,,,
,,,,,,,,,,,,,,,,,,,,,,,,,,,,,,,,,,,
[SHOPPING_CART: AddonShopCart : AddonShopCarts,,FALSE,FALSE,FALSE,FALSE,FALSE,,,,,,,],,,,,,,,,,,,,,,,,,,,,,
,,,,,,,,,,,,,,,,,,,,,,,,,,,,,,,,,,,
*NULL, STR,, RF_ADDON_SHOP_VOUCHER,Addon Shop Voucher, NULL, FALSE, NULL,,, NULL,,,,,,,,,,,,,,,,,,,,,,,,,
*NULL, STR,, RF_ADDON_SHOP_SERIAL,Addon Shop Serial, NULL, FALSE, NULL,,,,,,,,,,,,,,,,,,,,,,,,,,,,
*NULL, STR,, RF_ADDON_SHOP_DEF_CURRENCY,Addon Default Currency, NULL, FALSE, NULL,,,,,,,,,,,,,,,,,,,,,,,,,,,,
*NULL, BOOL,, RF_IS_TVP_CUSTOMER, Is TVP Customer, NULL, FALSE, NULL,,,,,,,,,,,,,,,,,,,,,,,,,,,,
*NULL, AGGR,, RF_ADDON_SHOP_SUB_OBJ,Addon Shop Sub Obj, NULL, TRUE, OBJ_ADDON_SUB_OBJ,, NULL,,,,,,,,,,,,,,,,,,,,,,,,,,
,,,,,,,,,,,,,,,,,,,,,,,,,,,,,,,,,,,
[ADDON_SUB_OBJ:AddonShop Sub Obj,,FALSE,FALSE,FALSE,FALSE,FALSE,RF_ADDON_SHOP_GUID,,,,,,],,,,,,,,,,,,,,,,,,,,,,
,,,,,,,,,,,,,,,,,,,,,,,,,,,,,,,,,,,
*NULL, STR,, RF_ADDON_SHOP_GUID,Addon Shop Guid, NULL, FALSE, NULL,,,,,,,,,,,,,,,,,,,,,,,,,,,,
*NULL, STR,, RF_ADDON_SHOP_QTY,Addon Qty, NULL, FALSE, NULL,,,,,,,,,,,,,,,,,,,,,,,,,,,,
,,,,,,,,,,,,,,,,,,,,,,,,,,,,,,,,,,,
[PERIOD:Period,,FALSE,FALSE,FALSE,FALSE,FALSE,,,,,,,,,,,,,,,,,,,,,,,,,,,,,
,,,,,,,,,,,,,],,,,,,,,,,,,,,,,,,,,,,
*NULL, STR,, RF_PERIOD_TYPE,Period Type, NULL, FALSE, NULL,,,,,,,,,,,,,,,,,,,,,,,,,,,,
*NULL,AGGR,,RF_PERIOD_RANGE,Period Range,NULL,TRUE,OBJ_PERIOD_RANGE,,,,,,,,,,,,,,,,,,,,,,,,,,,,
,,,,,,,,,,,,,,,,,,,,,,,,,,,,,,,,,,,
[PERIOD_RANGE:Period Range,,FALSE,FALSE,FALSE,FALSE,FALSE,,,,,,,],,,,,,,,,,,,,,,,,,,,,,
*NULL,DATE,,RF_PERIOD_FROM, Period From,NULL,FALSE,,,,,,,,,,,,,,,,,,,,,,,,,,,,,
*NULL,DATE,,RF_PERIOD_TO, Period To,NULL,FALSE,,,,,,,,,,,,,,,,,,,,,,,,,,,,,
*NULL,BOOL,,RF_IS_ACTIVE,Is Active,NULL,FALSE,,,,,,,,,,,,,,,,,,,,,,,,,,,,,
,,,,,,,,,,,,,,,,,,,,,,,,,,,,,,,,,,,
[FILTER:Filters,,FALSE,FALSE,FALSE,FALSE,FALSE,,,,,,,],,,,,,,,,,,,,,,,,,,,,,
,,,,,,,,,,,,,,,,,,,,,,,,,,,,,,,,,,,
*NULL, STR,, RF_CLASS_LED_ADJTYPE,Method Type, NULL, FALSE, NULL,,,,,,,,,,,,,,,,,,,,,,,,,,,,
*NULL, STR,, RF_USER_METHOD,User Method Name, NULL, FALSE, NULL,,,,,,,,,,,,,,,,,,,,,,,,,,,,
*NULL, STR,, RF_METHOD_NAME,Method Name, NULL, FALSE, NULL,,,,,,,,,,,,,,,,,,,,,,,,,,,,
*NULL, STR,, RF_REPT_CHAIN,Collection Source, NULL, FALSE, NULL,,,,,,,,,,,,,,,,,,,,,,,,,,,,
*NULL, STR,, RF_METHOD_ATTR,Method Attribute, NULL, FALSE, NULL,,,,,,,,,,,,,,,,,,,,,,,,,,,,
*NULL, STR,, RF_ATTR_VALUE,Attribute Value, NULL, FALSE, NULL,,,,,,,,,,,,,,,,,,,,,,,,,,,,
*NULL, STR,, RF_COMBINE_TYPE,Combine Type, NULL, FALSE, NULL,,,,,,,,,,,,,,,,,,,,,,,,,,,,
*NULL, STR,, RF_SECONDARY_OBJECT,Secondary Object, NULL, FALSE, NULL,,,,,,,,,,,,,,,,,,,,,,,,,,,,
*NULL, STR,, RF_FILTERS,Secondary Filters, NULL, TRUE, NULL,,,,,,,,,,,,,,,,,,,,,,,,,,,,
,,,,,,,,,,,,,,,,,,,,,,,,,,,,,,,,,,,
[TCP:TCP,,TRUE,FALSE,TRUE,FALSE,FALSE,,,,,,,],,,,,,,,,,,,,,,,,,,,,,
,,,,,,,,,,,,,,,,,,,,,,,,,,,,,,,,,,,
*NULL,AGGR,,RF_TCP_PROD,TCP Products,NULL,TRUE,NULL,,,,,,,,,,,,,,,,,,,,,,,,,,,,
,,,,,,,,,,,,,,,,,,,,,,,,,,,,,,,,,,,
,,,,,,,,,,,,,,,,,,,,,,,,,,,,,,,,,,,
[APP_INI_CONFIG:App INI Config,,TRUE,FALSE,FALSE,FALSE,,,,,,,,],,,,,,,,,,,,,,,,,,,,,,
,,,,,,,,,,,,,,,,,,,,,,,,,,,,,,,,,,,
*NULL,BOOL,,RF_INI_LOAD_BUFFERING,Load Buffering,NULL, FALSE, NULL,,,,,,,,,,,,,,,,,,,,,,,,,,,,
*NULL,BOOL,,RF_INI_IGNORE_TCP_TIMEOUT,Ignore Tcp Timeout,NULL, FALSE, NULL,,,,,,,,,,,,,,,,,,,,,,,,,,,,
*NULL,LONG,,RF_INI_SERVER_PORT,ServerPort,NULL, FALSE, NULL,,,,,,,,,,,,,,,,,,,,,,,,,,,,
*NULL, STR,,RF_INI_CLIENT_SERVER,Client Server,NULL, FALSE, NULL,,,,,,,,,,,,,,,,,,,,,,,,,,,,
*NULL,BOOL,,RF_INI_SOUND,Sound,NULL, FALSE, NULL,,,,,,,,,,,,,,,,,,,,,,,,,,,,
*NULL, STR,,RF_INI_LANG_PATH,LangPath,NULL, FALSE, NULL,,,,,,,,,,,,,,,,,,,,,,,,,,,,
*NULL,LONG,,RF_INI_LIC_TIMEOUT,LicTimeout,NULL, FALSE, NULL,,,,,,,,,,,,,,,,,,,,,,,,,,,,
*NULL,BOOL,,RF_INI_COLOR,Color,NULL, FALSE, NULL,,,,,,,,,,,,,,,,,,,,,,,,,,,,
*NULL, STR,,RF_INI_CFG_PATH,Config,NULL, FALSE, NULL,,,,,,,,,,,,,,,,,,,,,,,,,,,,
*NULL, STR,,RF_INI_DATA_PATH,Data,NULL,TRUE, NULL,,,,,,,,,,,,,,,,,,,,,,,,,,,,
*NULL,BOOL,,RF_INI_DEF_COMPANIES,Default Companies,NULL, FALSE, NULL,,,,,,,,,,,,,,,,,,,,,,,,,,,,
*NULL,BOOL,,RF_INI_USER_TDL,User TDL,NULL, FALSE, NULL,,,,,,,,,,,,,,,,,,,,,,,,,,,,
*NULL, STR,,RF_INI_LOAD,Load,NULL,TRUE, NULL,,,,,,,,,,,,,,,,,,,,,,,,,,,,
*NULL, STR,,RF_INI_TDL,TDL,NULL,TRUE, NULL,,,,,,,,,,,,,,,,,,,,,,,,,,,,
*NULL, STR,,RF_INI_STAT_TDL,Stat TDL,NULL,TRUE, NULL,,,,,,,,,,,,,,,,,,,,,,,,,,,,
*NULL, STR,,RF_INI_LIC_SERVER,Tally Licence Server,NULL, FALSE, NULL,,,,,,,,,,,,,,,,,,,,,,,,,,,,
*NULL,LONG,,RF_INI_LIC_SERVER_PORT,Tally Licence Server Port,NULL, FALSE, NULL,,,,,,,,,,,,,,,,,,,,,,,,,,,,
*NULL,LONG,,RF_INI_WIDTH,Width,NULL, FALSE, NULL,,,,,,,,,,,,,,,,,,,,,,,,,,,,
*NULL,LONG,,RF_INI_HEIGHT,Height,NULL, FALSE, NULL,,,,,,,,,,,,,,,,,,,,,,,,,,,,
*NULL,BOOL,,RF_ENABLE_ODBC_SERVER,Enable ODBC Server,NULL,FALSE,NULL,,,,,,,,,,,,,,,,,,,,,,,,,,,,
*NULL,STR,,RF_INI_LIC_PATH,Licence Path,NULL, FALSE, NULL,,,,,,,,,,,,,,,,,,,,,,,,,,,,
*NULL,STR,,RF_INI_CMD_LOAD,Cmd Load,NULL,TRUE,NULL,,,,,,,,,,,,,,,,,,,,,,,,,,,,
*NULL,BOOL,,RF_INI_CMD_NO_INI_LOAD,Cmd No Ini Load,FALSE,FALSE,NULL,,,,,,,,,,,,,,,,,,,,,,,,,,,,
*NULL,STR,,RF_INI_EXPORT_PATH,Export Path,NULL,FALSE,NULL,,,,,,,,,,,,,,,,,,,,,,,,,,,,
*NULL,STR,,RF_INI_CMD_ACTION,CmdAction,NULL,FALSE,NULL,,,,,,,,,,,,,,,,,,,,,,,,,,,,
*NULL,STR ,,RF_INI_CMD_ACT_PARAM,CmdActParam,NULL,FALSE,NULL,,,,,,,,,,,,,,,,,,,,,,,,,,,,
*NULL,BOOL,,RF_INI_CMD_PRE_ACTION,CmdPreAction,FALSE,FALSE,NULL,,,,,,,,,,,,,,,,,,,,,,,,,,,,
*NULL,BOOL,,RF_INI_CMD_POST_ACTION,CmdPostAction,FALSE,FALSE,NULL,,,,,,,,,,,,,,,,,,,,,,,,,,,,
*NULL,BOOL,,RF_INI_ENABLE_SHRINK,Release Memory,FALSE,FALSE,NULL,,,,,,,,,,,,,,,,,,,,,,,,,,,,
*NULL,STR,,RF_INI_AUTO_BACKUP_PATH,NULL,NULL,FALSE,NULL,,,,,,,,,,,,,,,,,,,,,,,,,,,,// For Offline Back-up Purpose.
*NULL,LONG,,RF_INI_READ_RETRY_COUNT,Read Retry Count,FALSE,FALSE,NULL,,,,,,,,,,,,,,,,,,,,,,,,,,,,
*NULL,LONG,,RF_INI_IMPORT_BATCH_SIZE, ImportBatchSize,FALSE,FALSE,NULL,,,,,,,,,,,,,,,,,,,,,,,,,,,,
*NULL,LONG,,RF_INI_AUTO_INSTALL_NUM,AutoInstallNumber,NULL, FALSE, NULL,,,,,,,,,,,,,,,,,,,,,,,,,,,,
*NULL,BOOL,,RF_INI_THINCLIENT_CACHE,ThinClientCache,FALSE,FALSE,NULL,,,,,,,,,,,,,,,,,,,,,,,,,,,,
*NULL,BOOL,,RF_INI_HIGH_MEMORY_CACHE,HighMemoryCache,FALSE,FALSE,NULL,,,,,,,,,,,,,,,,,,,,,,,,,,,,
*NULL,STR,,RF_INI_DATA_CACHE_SIZE,DataCacheSize,NULL,FALSE,NULL,,,,,,,,,,,,,,,,,,,,,,,,,,,,
*NULL,BOOL,,RF_INI_LOAD_LICENSE_MODE,LoadLicenseMode,NULL,FALSE,NULL,,,,,,,,,,,,,,,,,,,,,,,,,,,,
*NULL, STR,,RF_INI_DEPLOYMENT_SERVER,Tally Gold License Server,NULL,TRUE, NULL,,,,,,,,,,,,,,,,,,,,,,,,,,,,
*NULL, STR,,RF_INI_CAPSULE_FOLDER,Capsule,NULL,FALSE,NULL,,,,,,,,,,,,,,,,,,,,,,,,,,,,
*NULL, STR,,RF_INI_HELP_FOLDER,Help,NULL,FALSE,NULL,,,,,,,,,,,,,,,,,,,,,,,,,,,,
*NULL,STR,,RF_INI_LIC_SERIAL_NUM,Tally License Serial Number,NULL,FALSE,NULL,,,,,,,,,,,,,,,,,,,,,,,,,,,,
*NULL, STR,,RF_INI_PREV_LIC_SERVER,Previous Tally Lic Server,NULL, FALSE, NULL,,,,,,,,,,,,,,,,,,,,,,,,,,,,
*NULL,LONG,,RF_INI_PREV_LIC_SERVER_PORT,Previous Tally Lic Server Port,NULL, FALSE, NULL,,,,,,,,,,,,,,,,,,,,,,,,,,,,
*NULL, STR,,RF_INI_PREV_LIC_SERIAL_NUM,Previous Lic Serial Number,NULL,FALSE,NULL,,,,,,,,,,,,,,,,,,,,,,,,,,,,
*NULL, STR,,RF_INI_PREV_LIC_EDITION,Previous Lic Edition,NULL,FALSE,NULL,,,,,,,,,,,,,,,,,,,,,,,,,,,,
*NULL, STR,,RF_INI_PREV_LIC_STATUS,Previous Lic Status,NULL,FALSE, NULL,,,,,,,,,,,,,,,,,,,,,,,,,,,,
*NULL, STR,,RF_INI_PREV_LIC_ACC_ID,Previous Lic Account ID,NULL,FALSE,NULL,,,,,,,,,,,,,,,,,,,,,,,,,,,,
*NULL, STR,,RF_INI_PREV_LIC_SITE_ID,Previous Lic Site ID,NULL,FALSE,NULL,,,,,,,,,,,,,,,,,,,,,,,,,,,,
*NULL, STR,,RF_INI_PREV_LIC_TSS_VALID,Previous Lic TSS Validity,NULL,FALSE,NULL,,,,,,,,,,,,,,,,,,,,,,,,,,,,
,,,,,,,,,,,,,,,,,,,,,,,,,,,,,,,,,,,
[REMOTE_USERS:Remote Users,,TRUE,FALSE,FALSE,FALSE,,,,,,,,],,,,,,,,,,,,,,,,,,,,,,
,,,,,,,,,,,,,,,,,,,,,,,,,,,,,,,,,,,
*NULL,LONG,,RF_USERINTERNALID,User Internal Id,NULL,FALSE,NULL,,,,,,,,,,,,,,,,,,,,,,,,,,,,
*NULL,STR,,RF_NAME,Name,NULL,FALSE,NULL,,,,,,,,,,,,,,,,,,,,,,,,,,,,
*NULL,BOOL,,RF_ISEMPLOYEE,IsEmployee,NULL,FALSE,NULL,,,,,,,,,,,,,,,,,,,,,,,,,,,,
*NULL,STR,,RF_USERNAME,UserName,NULL,FALSE,NULL,,,,,,,,,,,,,,,,,,,,,,,,,,,,
*NULL,STR,,RF_USER_MOBILE,Mobile,NULL,FALSE,NULL,,,,,,,,,,TRUE,,,,,,,,,,,,,,,,,,
*NULL,STR,,RF_LOGIN_TIME,Login Time,NULL,FALSE,NULL,,,,,,,,,,TRUE,,,,,,,,,,,,,,,,,,
*NULL,STR,,RF_LAST_LOGIN_TIME,Last Login Time,NULL,FALSE,NULL,,,,,,,,,,TRUE,,,,,,,,,,,,,,,,,,
*NULL,STR,,RF_LAST_LOGIN_DURATION,Last Login Duration,NULL,FALSE,NULL,,,,,,,,,,TRUE,,,,,,,,,,,,,,,,,,
*NULL,STR,,RF_SALUTATION,Salutation,NULL,FALSE,NULL,,,,,,,,,,TRUE,,,,,,,,,,,,,,,,,,
*NULL,LONG,,RF_ACTIVE_SESSIONS,Active Sessions,NULL,FALSE,NULL,,,,,,,,,,,,,,,,,,,,,,,,,,,,
*NULL,AGGR,,RF_USER_ACCOUNT,UserAccount,NULL,TRUE,OBJ_USER_ACCOUNT,,,,,,,,,,,,,,,,,,,,,,,,,,,,
*NULL,BOOL,,RF_ISPWD_CHANGE_REQD,IsPwdChangeReqd,NULL,FALSE,NULL,,,,,,,,,,,,,,,,,,,,,,,,,,,,
*NULL,STR,,RF_PWD_CHANGE_REASON,PwdChangeReason,NULL,FALSE,NULL,,,,,,,,,,,,,,,,,,,,,,,,,,,,
*NULL,AGGR,,RF_DELEGATION_INFO,DelegationInfo,NULL,TRUE,OBJ_DELEGATION_INFO,,,,,,,,,,,,,,,,,,,,,,,,,,,,
,,,,,,,,,,,,,,,,,,,,,,,,,,,,,,,,,,,
[DELEGATION_INFO:DelegationInfo,,FALSE,FALSE,FALSE,FALSE,,,,,,,,],,,,,,,,,,,,,,,,,,,,,,
*NULL,STR,,RF_DELEGATOR,DelegatorUserName,NULL,FALSE,NULL,,,,,,,,,,,,,,,,,,,,,,,,,,,,
*NULL,LONG,,RF_USER_INTERNAL_ID,DelegatorUserInternalID,NULL,FALSE,NULL,,,,,,,,,,,,,,,,,,,,,,,,,,,,
*NULL,LONG,,RF_ACC_INTERNAL_ID,DelegatedAccInternalID,NULL,FALSE,NULL,,,,,,,,,,,,,,,,,,,,,,,,,,,,
*NULL,BOOL,,RF_IS_BAP,IsBAP,NULL,FALSE,NULL,,,,,,,,,,,,,,,,,,,,,,,,,,,,
*NULL,AGGR,,RF_DENIED_REPORT_LIST,DeniedReport,NULL,TRUE,OBJ_DENIED_REPORT_LIST,,,,,,,,,,,,,,,,,,,,,,,,,,,,
*NULL,LONG,,RF_ADDITIONAL_ACCOUNT_INTERNAL_ID,AdditionalAccountInternalId,NULL,TRUE,NULL,,,,,,,,,,,,,,,,,,,,,,,,,,,,
*NULL,STR,,RF_COMPANY_NAME_LIST,CompanyNameList,NULL,TRUE,NULL,,,,,,,,,,,,,,,,,,,,,,,,,,,,
,,,,,,,,,,,,,,,,,,,,,,,,,,,,,,,,,,,
[DENIED_REPORT_LIST:DeniedReport,,FALSE,FALSE,FALSE,FALSE,,,,,,,,],,,,,,,,,,,,,,,,,,,,,,
*NULL,STR,,RF_ACCESS_TYPE,AccessType,NULL,FALSE,NULL,,,,,,,,,,,,,,,,,,,,,,,,,,,,
*NULL,STR,,RF_REPORT_NAME,ReportName,NULL,FALSE,NULL,,,,,,,,,,,,,,,,,,,,,,,,,,,,
,,,,,,,,,,,,,,,,,,,,,,,,,,,,,,,,,,,
[USER_ACCOUNT: UserAccount,,FALSE,FALSE,FALSE,FALSE,,,,,,,,],,,,,,,,,,,,,,,,,,,,,,
*NULL,STR,,RF_ACCOUNT_ID,Account Id,NULL,FALSE,NULL,,,,,,,,,,,,,,,,,,,,,,,,,,,,
*NULL,STR,,RF_ACCOUNT_NAME,Account Name,NULL,FALSE,NULL,,,,,,,,,,,,,,,,,,,,,,,,,,,,
*NULL,LONG,,RF_INTERNAL_ACCOUNT_ID,Account Internal Id,NULL,FALSE,NULL,,,,,,,,,,,,,,,,,,,,,,,,,,,,
*NULL,BOOL,,RF_IS_BAP,Is BAP,NULL,FALSE,NULL,,,,,,,,,,,,,,,,,,,,,,,,,,,,
*NULL,BOOL,,RF_IS_TSP,Is TSP,NULL,FALSE,NULL,,,,,,,,,,,,,,,,,,,,,,,,,,,,
*NULL,BOOL,,RF_IS_CUSTOMER,Is Customer,NULL,FALSE,NULL,,,,,,,,,,,,,,,,,,,,,,,,,,,,
*NULL,BOOL,,RF_IS_MULTISITEAC,Is Multisite Ac,NULL,FALSE,NULL,,,,,,,,,,,,,,,,,,,,,,,,,,,,
*NULL,LONG,,RF_ACCOUNTTYPE,Account Type,NULL,FALSE,NULL,,,,,,,,,,,,,,,,,,,,,,,,,,,,
*NULL,BOOL,,RF_IS_ACCOUNT_ADMIN,Is Account Admin,NULL,FALSE,NULL,,,,,,,,,,,,,,,,,,,,,,,,,,,,
*NULL,BOOL,,RF_IS_SITE_ADMIN,Is Site Admin,NULL,FALSE,NULL,,,,,,,,,,,,,,,,,,,,,,,,,,,,
*NULL,AGGR,,RF_ADMINSITE,Admin Site,NULL,TRUE,OBJ_ADMIN_SITE,,,,,,,,,,,,,,,,,,,,,,,,,,,,
*NULL,STR,,RF_SECURITY_LEVEL_NAME,Security Level Name,NULL,FALSE,NULL,,,,,,,,,,,,,,,,,,,,,,,,,,,,
*NULL,BOOL,,RF_ALLOW_MANAGE_ACCOUNT,Allow Manage Account,NULL,FALSE,NULL,,,,,,,,,,,,,,,,,,,,,,,,,,,,
*NULL,BOOL,,RF_ALLOW_CHANGE_ACCOUNT_ADMIN,Allow Change Account Admin,NULL,FALSE,NULL,,,,,,,,,,,,,,,,,,,,,,,,,,,,
*NULL,BOOL,,RF_ALLOW_MANAGE_SITE,Allow Manage Site,NULL,FALSE,NULL,,,,,,,,,,,,,,,,,,,,,,,,,,,,
*NULL,BOOL,,RF_ALLOW_MANAGE_CONFIG,Allow Manage Config,NULL,FALSE,NULL,,,,,,,,,,,,,,,,,,,,,,,,,,,,
*NULL,BOOL,,RF_ALLOW_MANAGE_USER,Allow Manage User,NULL,FALSE,NULL,,,,,,,,,,,,,,,,,,,,,,,,,,,,
*NULL,BOOL,,RF_ALLOW_MANAGE_SECURITY_LEVEL,Allow Manage Security Level,NULL,FALSE,NULL,,,,,,,,,,,,,,,,,,,,,,,,,,,,
*NULL,BOOL,,RF_ALLOW_MANAGE_SUPPORT_CENTER,Allow Manage Support Center,NULL,FALSE,NULL,,,,,,,,,,,,,,,,,,,,,,,,,,,,
*NULL,BOOL,,RF_ALLOW_MANAGE_JOBS,Allow Manage Jobs,NULL,FALSE,NULL,,,,,,,,,,,,,,,,,,,,,,,,,,,,
*NULL,BOOL,,RF_ALLOW_CONFIGURE_PARTNER,Allow Configure Partner,NULL,FALSE,NULL,,,,,,,,,,,,,,,,,,,,,,,,,,,,
*NULL,STR,,RF_CURRENT_ROLES,Current Roles,NULL,FALSE,NULL,,,,,,,,,,,,,,,,,,,,,,,,,,,,
*NULL,BOOL,,RF_IS_TALLYNET_USER,Is TallyNet User,NULL,FALSE,NULL,,,,,,,,,,,,,,,,,,,,,,,,,,,,
*NULL,BOOL,,RF_IS_TALLYNET_AUDITOR,Is TallyNet Auditor User,NULL,FALSE,NULL,,,,,,,,,,,,,,,,,,,,,,,,,,,,
*NULL,BOOL,,RF_IS_TALLYNET_EXPERT,Is TallyNet Expert User,NULL,FALSE,NULL,,,,,,,,,,,,,,,,,,,,,,,,,,,,
*NULL,STR,,RF_PARENTSITE_ID,Parent Site Id,NULL,FALSE,NULL,,,,,,,,,,,,,,,,,,,,,,,,,,,,
*NULL,LONG,,RF_PARENTSITE_INTERNAL_ID,Parentsite Internal Id,NULL,FALSE,NULL,,,,,,,,,,,,,,,,,,,,,,,,,,,,
*NULL,LONG,,RF_LICENSE_NUMBER,License Number,NULL,FALSE,NULL,,,,,,,,,,TRUE,,,,,,,,,,,,,,,,,,
*NULL,LONG,,RF_EDITION,Edition,NULL,FALSE,NULL,,,,,,,,,,TRUE,,,,,,,,,,,,,,,,,,
*NULL,BOOL,,RF_IS_SUBSCRIPTION_VALID,Is Valid TallyNet Subs,NULL,FALSE,NULL,,,,,,,,,,,,,,,,,,,,,,,,,,,,
*NULL,STR,,RF_OWNER_USERNAME,Owner User Name,NULL,TRUE,NULL,,,,,,,,,,,,,,,,,,,,,,,,,,,,
*NULL,LONG,,RF_PARENTSITE_STATUS,Parent Site Status,NULL,FALSE,NULL,,,,,,,,,,,,,,,,,,,,,,,,,,,,
*NULL,BOOL,,RF_PARENTSITE_CONFIRMATION_PENDING,Parent Site Confirmation Pending,NULL,FALSE,NULL,,,,,,,,,,,,,,,,,,,,,,,,,,,,
*NULL,BOOL,,RF_IS_JOB_ENABLED,Is Job Enabled,NULL,FALSE,NULL,,,,,,,,,,,,,,,,,,,,,,,,,,,,
*NULL,BOOL,,RF_IS_JOB_CLIENT_ENABLED,Is Job Client Enabled,NULL,FALSE,NULL,,,,,,,,,,,,,,,,,,,,,,,,,,,,
*NULL,BOOL,,RF_ISSTUDENT_SAVESEARCH_ENABLED,Is Student SaveSearch Enabled,NULL,FALSE,NULL,,,,,,,,,,,,,,,,,,,,,,,,,,,,
*NULL,BOOL,,RF_ISSTUDENT_ADVNSEARCHFILTER_ENABLED,Is Student AdvnSearchFilter Enabled,NULL,FALSE,NULL,,,,,,,,,,,,,,,,,,,,,,,,,,,,
*NULL,BOOL,,RF_ALLOW_JOBCONFIGURE,Allow Job Configure,NULL,FALSE,NULL,,,,,,,,,,,,,,,,,,,,,,,,,,,,
*NULL,BOOL,,RF_ALLOW_ASSESSMENT,Allow Assessment,NULL,FALSE,NULL,,,,,,,,,,,,,,,,,,,,,,,,,,,,
*NULL,LONG,,RF_STUDENT_SAVESEARCH_COUNT,Student SaveSearch Count,NULL,FALSE,NULL,,,,,,,,,,,,,,,,,,,,,,,,,,,,
*NULL,LONG,,RF_ADDITIONAL_ACCOUNT_INTERNAL_ID,AdditionalAccountInternalId,NULL,TRUE,NULL,,,,,,,,,,,,,,,,,,,,,,,,,,,,
,,,,,,,,,,,,,,,,,,,,,,,,,,,,,,,,,,,
[ADMIN_SITE: AdminSite,,FALSE,FALSE,FALSE,FALSE,,,,,,,,,,,,,,,,,,,,,,,,,,,,,,
*NULL,STR,,RF_SITE_ID,Site Id,NULL,FALSE,NULL,,,,,,,,,,,,,,,,,,,,,,,,,,,,
*NULL,LONG,,RF_INTERNAL_SITE_ID,Site Internal Id,NULL,FALSE,NULL,,,,,,,,,,,,,,,,,,,,,,,,,,,,
,,,,,,,,,,,,,,,,,,,,,,,,,,,,,,,,,,,
[DIRECTORY_ITEM:Directory Item,,FALSE,FALSE,FALSE,FALSE,,,,,,,,],,,,,,,,,,,,,,,,,,,,,,
*NULL,BOOL,,RF_ISDIRECTORY,IsDirectory,NULL,FALSE,NULL,,,,,,,,,,,,,,,,,,,,,,,,,,,,
*NULL,BOOL,,RF_ISHIDDEN,IsHidden,NULL,FALSE,NULL,,,,,,,,,,,,,,,,,,,,,,,,,,,,
*NULL,BOOL,,RF_ISREADONLY,IsReadOnly,NULL,FALSE,NULL,,,,,,,,,,,,,,,,,,,,,,,,,,,,
*NULL,NUM,,RF_SIZE,FileSize,NULL,FALSE,NULL,,,,,,,,,,,,,,,,,,,,,,,,,,,,
*NULL,STR,,RF_NAME,Name,NULL,FALSE,NULL,,,,,,,,,,,,,,,,,,,,,,,,,,,,
*NULL,DATE,,RF_MODIFIED_DATE,Last Modified Date,NULL,FALSE,NULL,,,,,,,,,,,,,,,,,,,,,,,,,,,,
*NULL,STR,,RF_MODIFIED_TIME,Last Modified Time,NULL,FALSE,NULL,,,,,,,,,,,,,,,,,,,,,,,,,,,,
*NULL,STR,,RF_FILE_TYPE,FileType,NULL,FALSE,NULL,,,,,,,,,,,,,,,,,,,,,,,,,,,,
*NULL,BOOL,,RF_ISSYSTEM,IsSystem,NULL,FALSE,NULL,,,,,,,,,,,,,,,,,,,,,,,,,,,,
*NULL,BOOL,,RF_ISCOMPANY_DIR,IsCompanyDir,NULL,FALSE,NULL,,,,,,,,,,,,,,,,,,,,,,,,,,,,
*NULL,NUM,,RF_TOTAL_SPACE,TotalSpace,NULL,FALSE,NULL,,,,,,,,,,,,,,,,,,,,,,,,,,,,
*NULL,NUM,,RF_REMAINING_SPACE,RemainingSpace,NULL,FALSE,NULL,,,,,,,,,,,,,,,,,,,,,,,,,,,,
,,,,,,,,,,,,,,,,,,,,,,,,,,,,,,,,,,,
[AUTO_BACKUP_ON_DISK:Auto Backups On Disk,,FALSE,FALSE,FALSE,FALSE,,,,,,,,],,,,,,,,,,,,,,,,,,,,,,
*NULL,BOOL,,RF_ISTABK,IsTABK,NULL,FALSE,NULL,,,,,,,,,,,,,,,,,,,,,,,,,,,,
,,,,,,,,,,,,,,,,,,,,,,,,,,,,,,,,,,,
,,,,,,,,,,,,,,,,,,,,,,,,,,,,,,,,,,,
[NAT_LANG_KEYS:NatLangKeys,, FALSE, FALSE, FALSE, FALSE,FALSE,,,,,,,],,,,,,,,,,,,,,,,,,,,,,
*NULL,STR,,RF_NAME,Name, NULL, FALSE, NULL                                             ,,,,,,,,,,,,,,,,,,,,,,,,,,,,
*NULL,STR,,RF_VALUE,Value, NULL, FALSE, NULL                                             ,,,,,,,,,,,,,,,,,,,,,,,,,,,,
,,,,,,,,,,,,,,,,,,,,,,,,,,,,,,,,,,,
[TALLY_MESSAGES: TallyMessages,,TRUE,FALSE,FALSE,FALSE,FALSE,,,,,,,],,,,,,,,,,,,,,,,,,,,,,
,,,,,,,,,,,,,,,,,,,,,,,,,,,,,,,,,,,
*NULL,NUM,,RF_TALLY_MSG_ID,Message ID, NULL,FALSE, NULL,,,,,,,,,,,,,,,,,,,,,,,,,,,,
*NULL, STR,,RF_TALLY_MSG_GUID,Message GUID, NULL,FALSE, NULL,,,,,,,,,,,,,,,,,,,,,,,,,,,,
*NULL, STR,, RF_TALLY_MSG_SUBJECT,Message Subject, NULL,FALSE, NULL,,,,,,,,,,,,,,,,,,,,,,,,,,,,
*NULL,DATETIME,, RF_TALLY_MSG_RECEIVED_ON,Message Received ON, NULL,FALSE, NULL,,,,,,,,,,,,,,,,,,,,,,,,,,,,
*NULL,STR,,RF_TALLY_MSG_SHORT_DESC,Message Short Desc, NULL,FALSE, NULL,,,,,,,,,,,,,,,,,,,,,,,,,,,,
*NULL,BOOL,,RF_TALLY_MSG_UNREAD,Message Unread, NULL,FALSE, NULL,,,,,,,,,,,,,,,,,,,,,,,,,,,,
*NULL,BOOL,,RF_TALLY_MSG_IMPORTANT,Message Important, NULL,FALSE, NULL,,,,,,,,,,,,,,,,,,,,,,,,,,,,
*NULL,BOOL,,RF_TALLY_MSG_ATTACH,Message Attachment, NULL,FALSE, NULL,,,,,,,,,,,,,,,,,,,,,,,,,,,,
*NULL,STR,,RF_TALLY_MSG_ATTACH_NAME,Message Attachment Name, NULL,FALSE, NULL,,,,,,,,,,,,,,,,,,,,,,,,,,,,
*NULL,STR,,RF_TALLY_MSG_ATTACH_FILENAME,Message Attachment FileName, NULL,FALSE, NULL,,,,,,,,,,,,,,,,,,,,,,,,,,,,
*NULL,STR,,RF_TALLY_MSG_CATEGORY,Message Category, NULL,FALSE, NULL,,,,,,,,,,,,,,,,,,,,,,,,,,,,
*NULL,STR,,RF_TALLY_MSG_DETAIL_DESC,Message Detail Desc, NULL,FALSE, NULL,,,,,,,,,,,,,,,,,,,,,,,,,,,,
*NULL,BOOL,,RF_TALLY_MSG_SYSTEM_FLAG,Message System Flag, NULL,FALSE, NULL,,,,,,,,,,,,,,,,,,,,,,,,,,,,
*NULL,AGGR,,RF_TALLY_MESSAGE_FILES,MessageFiles,NULL,TRUE,OBJ_TALLY_MESSAGE_FILES,,,,,,,,,,,,,,,,,,,,,,,,,,,,
,,,,,,,,,,,,,,,,,,,,,,,,,,,,,,,,,,,
[TALLY_MESSAGE_FILES: TallyMsgFiles,,TRUE,FALSE,FALSE,FALSE,FALSE,,,,,,,],,,,,,,,,,,,,,,,,,,,,,
,,,,,,,,,,,,,,,,,,,,,,,,,,,,,,,,,,,
*NULL,STR,,RF_TALLY_MSG_FILE_NAME,Message File Name, NULL,FALSE, NULL,,,,,,,,,,,,,,,,,,,,,,,,,,,,
*NULL,NUM,,RF_TALLY_MSG_FILE_TYPE,Message File Type, NULL,FALSE, NULL,,,,,,,,,,,,,,,,,,,,,,,,,,,,
,,,,,,,,,,,,,,,,,,,,,,,,,,,,,,,,,,,
[TALLY_MESSAGE_CATEGORY: TallyMsgCategory,,TRUE,FALSE,FALSE,FALSE,FALSE,,,,,,,],,,,,,,,,,,,,,,,,,,,,,
,,,,,,,,,,,,,,,,,,,,,,,,,,,,,,,,,,,
*NULL,NUM,,RF_TALLY_MSG_CAT_ID,Message Cat ID, NULL,FALSE, NULL,,,,,,,,,,,,,,,,,,,,,,,,,,,,
*NULL, STR,,RF_TALLY_MSG_CAT_DESC,Message Cat Desc, NULL,FALSE, NULL,,,,,,,,,,,,,,,,,,,,,,,,,,,,
*NULL,BOOL,,RF_TALLY_MSG_CAT_UNSUBSC,Message Cat Unsubsc, NULL,FALSE, NULL,,,,,,,,,,,,,,,,,,,,,,,,,,,,
,,,,,,,,,,,,,,,,,,,,,,,,,,,,,,,,,,,
[LATEST_RELEASES: LatestReleases,,TRUE,FALSE,FALSE,FALSE,FALSE,,,,,,,],,,,,,,,,,,,,,,,,,,,,,
,,,,,,,,,,,,,,,,,,,,,,,,,,,,,,,,,,,
*NULL,STR,,RF_RELEASE_DESC,Release Desc,NULL,FALSE,NULL,,,,,,,,,,,,,,,,,,,,,,,,,,,,
*NULL,NUM,,RF_RELEASE_PRODUCT_ID,Release Product ID,NULL,FALSE,NULL,,,,,,,,,,,,,,,,,,,,,,,,,,,,
*NULL,DATE,,RF_RELEASE_DATE,Release Date,NULL,FALSE,NULL,,,,,,,,,,,,,,,,,,,,,,,,,,,,
*NULL,NUM,,RF_RELEASE_MAJ_VER,Release Maj Ver,NULL,FALSE,NULL,,,,,,,,,,,,,,,,,,,,,,,,,,,,
*NULL,NUM,,RF_RELEASE_MIN_VER,Release Min Ver,NULL,FALSE,NULL,,,,,,,,,,,,,,,,,,,,,,,,,,,,
*NULL,NUM,,RF_RELEASE_MAJ_REL,Release Maj Rel,NULL,FALSE,NULL,,,,,,,,,,,,,,,,,,,,,,,,,,,,
*NULL,NUM,,RF_RELEASE_MIN_REL,Release Min Rel,NULL,FALSE,NULL,,,,,,,,,,,,,,,,,,,,,,,,,,,,
*NULL,NUM,,RF_RELEASE_BUILDNUM,Release Buid Num,NULL,FALSE,NULL,,,,,,,,,,,,,,,,,,,,,,,,,,,,
*NULL,NUM,,RF_RELEASE_STAGE,Release Stage,NULL,FALSE,NULL,,,,,,,,,,,,,,,,,,,,,,,,,,,,
*NULL,BOOL,,RF_RELEASE_ELIGIBILITY,Release Eligibility,NULL,FALSE,NULL,,,,,,,,,,,,,,,,,,,,,,,,,,,,
*NULL,STR,,RF_RELEASE_SHORT_DESC,Release Short Desc,NULL,FALSE,NULL,,,,,,,,,,,,,,,,,,,,,,,,,,,,
*NULL,STR,,RF_RELEASE_DETAIL_DESC,Release Detail Desc,NULL,FALSE,NULL,,,,,,,,,,,,,,,,,,,,,,,,,,,,
*NULL,STR,,RF_RELEASE_HIGHLIGHTS,Release Highlights,NULL,FALSE,NULL,,,,,,,,,,,,,,,,,,,,,,,,,,,,
*NULL,STR,,RF_RELEASE_REQUIREMENTS,Release Requirements,NULL,FALSE,NULL,,,,,,,,,,,,,,,,,,,,,,,,,,,,
*NULL,DATE,,RF_RELEASE_INSTALLED_DATE,Release Installed Date,NULL,FALSE,NULL,,,,,,,,,,,,,,,,,,,,,,,,,,,,
*NULL,STR,,RF_RELEASE_DOWNLOAD_STATUS,Release Download Status,NULL,FALSE,NULL,,,,,,,,,,,,,,,,,,,,,,,,,,,,
*NULL,DATE,,RF_RELEASE_STAT_REL_DATE,Release Stat Release Date,NULL,FALSE,NULL,,,,,,,,,,,,,,,,,,,,,,,,,,,,
*NULL,BOOL,,RF_RELEASE_STAT_ELIGIBILITY,Release Stat Eligibility,NULL,FALSE,NULL,,,,,,,,,,,,,,,,,,,,,,,,,,,,
*NULL,NUM,,RF_RELEASE_STAT_MAJ_REL,Release Stat Maj Rel,NULL,FALSE,NULL,,,,,,,,,,,,,,,,,,,,,,,,,,,,
,,,,,,,,,,,,,,,,,,,,,,,,,,,,,,,,,,,
[TS_ENDPOINT: TS Endpoints,,TRUE,FALSE,FALSE,FALSE,FALSE,,,,,,,,,,,,,,,,,,,,,,,,,,,,,
*NULL,STR,,RF_NAME,Name,NULL,FALSE,NULL,,,,,,,,,,,,,,,,,,,,,,,,,,,,
*NULL,STR,,RF_END_POINT,End Point,NULL,FALSE,,,,,,,,,,,,,,,,,,,,,,,,,,,,,
*NULL,STR,,RF_SERVER_NAME,Server Name,NULL,FALSE,,,,,,,,,,,,,,,,,,,,,,,,,,,,,
*NULL,BOOL,,RF_IS_EDUCATIONAL,Is Educational,NULL,FALSE,NULL,,,,,,,,,,,,,,,,,,,,,,,,,,,,
*NULL,DATE,,RF_LIC_EXPIRY_DATE,License Expiry Date,NULL,FALSE,NULL,,,,,,,,,,,,,,,,,,,,,,,,,,,,
,,,,,,,,,,,,,,,,,,,,,,,,,,,,,,,,,,,
[TS_SECURITY: TS Security,,TRUE,FALSE,FALSE,FALSE,FALSE,,,,,,,,,,,,,,,,,,,,,,,,,,,,,
*NULL,STR,,RF_TS_NAME,TS Name,NULL,FALSE,,,,,,,,,,,,,,,,,,,,,,,,,,,,,
*NULL,BOOL,,RF_SECURITY_ON,Is Security On,NULL,FALSE,,,,,,,,,,,,,,,,,,,,,,,,,,,,,
*NULL,AGGR,,RF_TS_USERS,TS Users,NULL,TRUE,OBJ_TS_SECURITY_USER,,,,,,,,,,,,,,,,,,,,,,,,,,,,
*NULL,AGGR,,RF_TS_USER_LEVELS,TS User Levels,NULL,TRUE,OBJ_TS_SECURITY_LEVEL,,,,,,,,,,,,,,,,,,,,,,,,,,,,
,,,,,,,,,,,,,,,,,,,,,,,,,,,,,,,,,,,
[TS_SECURITY_USER: TS Security User,,FALSE,FALSE,FALSE,FALSE,FALSE,,,,,,,,,,,,,,,,,,,,,,,,,,,,,
*NULL,STR,,RF_USERNAME,User Name,NULL,FALSE,NULL,,,,,,,,,,,,,,,,,,,,,,,,,,,,
*NULL,STR,,RF_END_POINTS,End Points,NULL,FALSE,NULL,,,,,,,,,,,,,,,,,,,,,,,,,,,,
*NULL,LONG,,RF_TS_USER_LEVEL,TS User Level,NULL,FALSE,NULL,,,,,,,,,,,,,,,,,,,,,,,,,,,,
,,,,,,,,,,,,,,,,,,,,,,,,,,,,,,,,,,,
[TS_SECURITY_LEVELS: TS Security Levels,,TRUE,FALSE,FALSE,FALSE,FALSE,,,,,,,,,,,,,,,,,,,,,,,,,,,,,
*NULL,STR,,RF_TS_NAME,TS Name,NULL,FALSE,,,,,,,,,,,,,,,,,,,,,,,,,,,,,
*NULL,AGGR,,RF_TS_USER_LEVELS,TS User Levels,NULL,TRUE,OBJ_TS_SECURITY_LEVEL,,,,,,,,,,,,,,,,,,,,,,,,,,,,
,,,,,,,,,,,,,,,,,,,,,,,,,,,,,,,,,,,
[TS_SECURITY_LEVEL: TS Security Level,,FALSE,FALSE,FALSE,FALSE,FALSE,,,,,,,,,,,,,,,,,,,,,,,,,,,,,
*NULL,LONG,,RF_SECURITY_LEVEL_ID,Security Level ID,NULL,FALSE,NULL,,,,,,,,,,,,,,,,,,,,,,,,,,,,
*NULL,STR,,RF_SECURITY_LEVEL_NAME,Security Level Name,NULL,FALSE,NULL,,,,,,,,,,,,,,,,,,,,,,,,,,,,
*NULL,BOOL,,RF_IS_BACKUP,Is Backup,NULL,FALSE,NULL,,,,,,,,,,,,,,,,,,,,,,,,,,,,
*NULL,BOOL,,RF_IS_RESTORE,Is Restore,NULL,FALSE,NULL,,,,,,,,,,,,,,,,,,,,,,,,,,,,
*NULL,BOOL,,RF_IS_REWRITE,Is Rewrite,NULL,FALSE,NULL,,,,,,,,,,,,,,,,,,,,,,,,,,,,
*NULL,BOOL,,RF_IS_CREATE_COMPANY,Is Create Company,NULL,FALSE,NULL,,,,,,,,,,,,,,,,,,,,,,,,,,,,
*NULL,BOOL,,RF_IS_MONITORING,Is Monitoring,NULL,FALSE,NULL,,,,,,,,,,,,,,,,,,,,,,,,,,,,
*NULL,BOOL,,RF_IS_SPLIT_COMPANY,Is Split Company,NULL,FALSE,NULL,,,,,,,,,,,,,,,,,,,,,,,,,,,,
*NULL,BOOL,,RF_IS_DISCONNECT_COMPANY,Is Disconnect Company,NULL,FALSE,NULL,,,,,,,,,,,,,,,,,,,,,,,,,,,,
*NULL,BOOL,,RF_IS_EXPORT_SERVER_DATA,Is Export Server Data,NULL,FALSE,NULL,,,,,,,,,,,,,,,,,,,,,,,,,,,,
*NULL,BOOL,,RF_IS_SERVER_CONFIGURATION,Is Server Configuration,NULL,FALSE,NULL,,,,,,,,,,,,,,,,,,,,,,,,,,,,
,,,,,,,,,,,,,,,,,,,,,,,,,,,,,,,,,,,
[TS_SERVERLIST: TS Server List,,TRUE,FALSE,FALSE,FALSE,FALSE,,,,,,,,,,,,,,,,,,,,,,,,,,,,,
*NULL,STR,,RF_TS_NAME,TS Name,NULL,FALSE,NULL,,,,,,,,,,,,,,,,,,,,,,,,,,,,
*NULL,STR,,RF_TS_IP_ADDRESS,TS IP Address,NULL,FALSE,,,,,,,,,,,,,,,,,,,,,,,,,,,,,
*NULL,STR,,RF_TS_DATAPORT,TS Data Port,NULL,FALSE,,,,,,,,,,,,,,,,,,,,,,,,,,,,,
*NULL,STR,,RF_TS_ADMINPORT,TS Admin Port,NULL,FALSE,,,,,,,,,,,,,,,,,,,,,,,,,,,,,
*NULL,STR,,RF_TS_ENDPOINTS,TS End Points,NULL,TRUE,,,,,,,,,,,,,,,,,,,,,,,,,,,,,
,,,,,,,,,,,,,,,,,,,,,,,,,,,,,,,,,,,
[TS_SERVER_CONFIG: TS Server Config,,TRUE,FALSE,FALSE,FALSE,FALSE,,,,,,,,,,,,,,,,,,,,,,,,,,,,,
*NULL,STR,,RF_NAME,Name,NULL,FALSE,NULL,,,,,,,,,,,,,,,,,,,,,,,,,,,,
*NULL,STR,,RF_ORIGINAL_NAME,NULL,NULL,FALSE,NULL,,,,,,,,,,,,,,,,,,,,,,,,,,,,
*NULL,STR,,RF_STARTTIME,Start Time,NULL,FALSE,NULL,,,,,,,,,,,,,,,,,,,,,,,,,,,,
*NULL,STR,,RF_IPADDRESS,IP Address,NULL,FALSE,NULL,,,,,,,,,,,,,,,,,,,,,,,,,,,,
*NULL,LONG,,RF_DATA_PORT,Data Port,NULL,FALSE,NULL,,,,,,,,,,,,,,,,,,,,,,,,,,,,
*NULL,LONG,,RF_ADMIN_PORT,Admin Port,NULL,FALSE,NULL,,,,,,,,,,,,,,,,,,,,,,,,,,,,
*NULL,STR,,RF_SERVICE_NAME,Service Name,NULL,FALSE,NULL,,,,,,,,,,,,,,,,,,,,,,,,,,,,
*NULL,STR,,RF_SERVICE_PATH,Service Path,NULL,FALSE,NULL,,,,,,,,,,,,,,,,,,,,,,,,,,,,
*NULL,STR,,RF_LICENCE_SERVER,Licence Server,NULL,FALSE,NULL,,,,,,,,,,,,,,,,,,,,,,,,,,,,
*NULL,BOOL,,RF_IS_SUSPENDED,Is Suspended,NULL,FALSE,,,,,,,,,,,,,,,,,,,,,,,,,,,,,
*NULL,BOOL,,RF_SECURITY_ON,Is Security On,NULL,FALSE,,,,,,,,,,,,,,,,,,,,,,,,,,,,,
*NULL,STR,,RF_TALLY_GOLD_LICENCE_SERVER,Tally Gold Licence Server,NULL,TRUE,NULL,,,,,,,,,,,,,,,,,,,,,,,,,,,,
*NULL,AGGR,,RF_TS_DATA_LOCATIONS,TS Data Locations,NULL,TRUE,OBJ_TS_DATA_LOCATIONS,,,,,,,,,,,,,,,,,,,,,,,,,,,,
*NULL,BOOL,,RF_SCH_BKUP_ON,Is Scheduled Backup On,NULL,FALSE,,,,,,,,,,,,,,,,,,,,,,,,,,,,,
*NULL,STR,,RF_TS_BKUP_PATH,Backup Path,NULL,FALSE,NULL,,,,,,,,,,,,,,,,,,,,,,,,,,,,
*NULL,STR,,RF_BKUP_ENDPOINT,Backup EndPoint,NULL,TRUE,NULL,,,,,,,,,,,,,,,,,,,,,,,,,,,,
*NULL,LONG,,RF_BKUP_TIME,Backup Time,NULL,FALSE,NULL,,,,,,,,,,,,,,,,,,,,,,,,,,,,
*NULL,AGGR,,RF_TS_USER_GROUP,TS User Group,NULL,TRUE,OBJ_TS_WIN_USER_GROUP,,,,,,,,,,,,,,,,,,,,,,,,,,,,
,,,,,,,,,,,,,,,,,,,,,,,,,,,,,,,,,,,
[TS_DATA_LOCATIONS: TS Data Locations,,TRUE,FALSE,FALSE,FALSE,FALSE,,,,,,,,,,,,,,,,,,,,,,,,,,,,,
*NULL,STR,,RF_NAME,Name,NULL,FALSE,NULL,,,,,,,,,,,,,,,,,,,,,,,,,,,,
*NULL,STR,,RF_PATH,Path,NULL,FALSE,NULL,,,,,,,,,,,,,,,,,,,,,,,,,,,,
*NULL,BOOL,,RF_ENABLE_SECURITY,EnableSecurity,NULL,FALSE,NULL,,,,,,,,,,,,,,,,,,,,,,,,,,,,
*NULL,LONG,,RF_TS_USER_GROUPS,TS User Groups,NULL,TRUE,NULL,,,,,,,,,,,,,,,,,,,,,,,,,,,,
*NULL,BOOL,,RF_ENABLE_BACKUP,EnableBackup,NULL,FALSE,NULL,,,,,,,,,,,,,,,,,,,,,,,,,,,,
*NULL,STR,,RF_TS_BKUP_PATH,Backup Path,NULL,FALSE,NULL,,,,,,,,,,,,,,,,,,,,,,,,,,,,
*NULL,AGGR,,RF_TS_BACKUP_SCHEDULE_DETAIL,TS Data Backup Schedule Detail,NULL,TRUE,OBJ_TS_DATA_BACKUP_DETAIL,,,,,,,,,,,,,,,,,,,,,,,,,,,,
,,,,,,,,,,,,,,,,,,,,,,,,,,,,,,,,,,,
[TS_WIN_USER_GROUPS: TS WIN User Groups,,TRUE,FALSE,FALSE,FALSE,FALSE,,,,,,,,,,,,,,,,,,,,,,,,,,,,,
*NULL,STR,,RF_TS_NAME,TS Name,NULL,FALSE,,,,,,,,,,,,,,,,,,,,,,,,,,,,,
*NULL,AGGR,,RF_TS_USER_GROUPS,TS User Groups,NULL,TRUE,OBJ_TS_WIN_USER_GROUP,,,,,,,,,,,,,,,,,,,,,,,,,,,,
,,,,,,,,,,,,,,,,,,,,,,,,,,,,,,,,,,,
[TS_WIN_USER_GROUP: TS WIN User Group,,FALSE,FALSE,FALSE,FALSE,FALSE,,,,,,,,,,,,,,,,,,,,,,,,,,,,,
*NULL,LONG,,RF_WIN_USER_GROUP_ID,Win User Group ID,NULL,FALSE,NULL,,,,,,,,,,,,,,,,,,,,,,,,,,,,
*NULL,STR,,RF_NAME,Name,NULL,FALSE,NULL,,,,,,,,,,,,,,,,,,,,,,,,,,,,
*NULL,AGGR,,RF_TS_USERS,TS Users,NULL,TRUE,OBJ_TS_USER,,,,,,,,,,,,,,,,,,,,,,,,,,,,
,,,,,,,,,,,,,,,,,,,,,,,,,,,,,,,,,,,
[TS_USER: TS User,,FALSE,FALSE,FALSE,FALSE,FALSE,,,,,,,,,,,,,,,,,,,,,,,,,,,,,
*NULL,NUM,,RF_TS_USER_TYPE,TS User Type,NULL,FALSE,NULL,,,,,,,,,,,,,,,,,,,,,,,,,,,,
*NULL,STR,,RF_TS_USER_ID,TS User ID,NULL,FALSE,NULL,,,,,,,,,,,,,,,,,,,,,,,,,,,,
*NULL,STR,,RF_TS_USER_NAME,TS User Name,NULL,FALSE,NULL,,,,,,,,,,,,,,,,,,,,,,,,,,,,
*NULL,STR,,RF_TS_USER_SID,TS User SID,NULL,FALSE,NULL,,,,,,,,,,,,,,,,,,,,,,,,,,,,
,,,,,,,,,,,,,,,,,,,,,,,,,,,,,,,,,,,
[TS_DATA_BACKUP_DETAIL: Data Backup Schedule Detail,,FALSE,FALSE,FALSE,FALSE,FALSE,,,,,,,,,,,,,,,,,,,,,,,,,,,,,
*NULL,LONG,,RF_SCHEDULE_TYPE,Schedule Type,NULL,FALSE,NULL,,,,,,,,,,,,,,,,,,,,,,,,,,,,
*NULL,LONG,,RF_BACKUP_WHEN,Schedule Day,NULL,FALSE,NULL,,,,,,,,,,,,,,,,,,,,,,,,,,,,
*NULL,TIME,,RF_BACKUP_TIME,Schedule Time,NULL,FALSE,NULL,,,,,,,,,,,,,,,,,,,,,,,,,,,,
,,,,,,,,,,,,,,,,,,,,,,,,,,,,,,,,,,,
[TS_OPS: TS Operations,,TRUE,FALSE,FALSE,FALSE,FALSE,,,,,,,,,,,,,,,,,,,,,,,,,,,,,
,,,,,,,,,,,,,,,,,,,,,,,,,,,,,,,,,,,
[TS_LAST_ACT: TS Last Activity,,TRUE,FALSE,FALSE,FALSE,FALSE,,,,,,,,,,,,,,,,,,,,,,,,,,,,,
,,,,,,,,,,,,,,,,,,,,,,,,,,,,,,,,,,,
[TS_CUR_ACT: TS Current Activity,,TRUE,FALSE,FALSE,FALSE,FALSE,,,,,,,,,,,,,,,,,,,,,,,,,,,,,
,,,,,,,,,,,,,,,,,,,,,,,,,,,,,,,,,,,
[TLS_PROXY_CONFIG: TLS Proxy Config,,TRUE,FALSE,FALSE,FALSE,FALSE,,,,,,,,,,,,,,,,,,,,,,,,,,,,,
*NULL,BOOL,,RF_USE_ABSOLUTE_URL,Use Absolute URL,NULL,FALSE,NULL,,,,,,,,,,,,,,,,,,,,,,,,,,,,
*NULL,BOOL,,RF_PROXY_ENABLED,Proxy Enabled,NULL,FALSE,NULL,,,,,,,,,,,,,,,,,,,,,,,,,,,,
*NULL,STR,,RF_PROXY_URL,Proxy URL,NULL,FALSE,NULL,,,,,,,,,,,,,,,,,,,,,,,,,,,,
*NULL,BOOL,,RF_PROXY_AUTH_REQUIRED,Proxy Auth Required,NULL,FALSE,NULL,,,,,,,,,,,,,,,,,,,,,,,,,,,,
*NULL,NUM,,RF_PROXY_AUTH_SCHEME,Proxy Auth Scheme,NULL,FALSE,NULL,,,,,,,,,,,,,,,,,,,,,,,,,,,,
*NULL,STR,,RF_PROXY_AUTH_USER_ID,Proxy Auth User Id,NULL,FALSE,NULL,,,,,,,,,,,,,,,,,,,,,,,,,,,,
*NULL,STR,,RF_PROXY_AUTH_PASSWORD,Proxy Auth Password,NULL,FALSE,NULL,,,,,,,,,,,,,,,,,,,,,,,,,,,,
*NULL,STR,,RF_NAME,Name,NULL,FALSE,NULL,,,,,,,,,,,,,,,,,,,,,,,,,,,,
,,,,,,,,,,,,,,,,,,,,,,,,,,,,,,,,,,,
[TS_NETWORK_USERS: TS Network Users,,TRUE,FALSE,FALSE,FALSE,FALSE,,,,,,,,,,,,,,,,,,,,,,,,,,,,,
*NULL,STR,,RF_NAME,Name,NULL,FALSE,NULL,,,,,,,,,,,,,,,,,,,,,,,,,,,,
*NULL,STR,,RF_USER_ID,UserID,NULL,FALSE,NULL,,,,,,,,,,,,,,,,,,,,,,,,,,,,
,,,,,,,,,,,,,,,,,,,,,,,,,,,,,,,,,,,
[TS_NETWORK_GROUPS: TS Network Groups,,TRUE,FALSE,FALSE,FALSE,FALSE,,,,,,,,,,,,,,,,,,,,,,,,,,,,,
*NULL,STR,,RF_NAME,Name,NULL,FALSE,NULL,,,,,,,,,,,,,,,,,,,,,,,,,,,,
*NULL,STR,,RF_GROUP_ID,GroupID,NULL,FALSE,NULL,,,,,,,,,,,,,,,,,,,,,,,,,,,,
,,,,,,,,,,,,,,,,,,,,,,,,,,,,,,,,,,,
,,,,,,,,,,,,,,,,,,,,,,,,,,,,,,,,,,,
[STAT_UPLOAD_RESULT:STAT Upload Result,,TRUE,FALSE,FALSE,FALSE,,,,,,,,],,,,,,,,,,,,,,,,,,,,,,
,,,,,,,,,,,,,,,,,,,,,,,,,,,,,,,,,,,
*NULL,LONG,,RF_VAT_UPLOAD_ID,STATUploadId,NULL,FALSE,NULL,,,,,,,,,,,,,,,,,,,,,,,,,,,,
*NULL,STR,,RF_VAT_UPLOAD_TYPE,STATUploadType,NULL,FALSE,NULL,,,,,,,,,,,,,,,,,,,,,,,,,,,,
*NULL,STR,,RF_VAT_UPLOAD_STATUS,STATUploadStatus,NULL,FALSE,NULL,,,,,,,,,,,,,,,,,,,,,,,,,,,,
*NULL,STR,,RF_VAT_UPLOAD_URL,STATUploadURL,NULL,FALSE,NULL,,,,,,,,,,,,,,,,,,,,,,,,,,,,
*NULL,STR,,RF_VAT_UPLOAD_FILENAME,STATUploadFilename,NULL,FALSE,NULL,,,,,,,,,,,,,,,,,,,,,,,,,,,,
*NULL,STR,,RF_VAT_UPLOAD_FILETYPE,STATUploadFiletype,NULL,FALSE,NULL,,,,,,,,,,,,,,,,,,,,,,,,,,,,
*NULL,STR,,RF_VAT_REPORT_NAME,STATUploadReportname,NULL,FALSE,NULL,,,,,,,,,,TRUE,,,,,,,,,,,,,,,,,,
*NULL,STR,,RF_VAT_ERROR_DESC,STATUploadErrordesc,NULL,FALSE,NULL,,,,,,,,,,TRUE,,,,,,,,,,,,,,,,,,
*NULL,STR,,RF_VAT_ERROR_FILENAME,STATUplodErrorFilename,NULL,FALSE,NULL,,,,,,,,,,,,,,,,,,,,,,,,,,,,
*NULL,AGGR,,RF_VAT_ERROR_INFO,STATErrorInfo,NULL,TRUE,OBJ_VAT_ERROR_INFO,,,,,,,,,,,,,,,,,,,,,,,,,,,,
,,,,,,,,,,,,,,,,,,,,,,,,,,,,,,,,,,,
[VAT_ERROR_INFO:STATErrorInfo,,FALSE,FALSE,FALSE,FALSE,,,,,,,,],,,,,,,,,,,,,,,,,,,,,,
*NULL,STR,,RF_VAT_ERROR_ID,STATErrorId,NULL,FALSE,NULL,,,,,,,,,,,,,,,,,,,,,,,,,,,,
*NULL,STR,,RF_VAT_ERROR_DOCUMENT_NUMBER,STATDocumentNumber,NULL,FALSE,NULL,,,,,,,,,,,,,,,,,,,,,,,,,,,,
*NULL,STR,,RF_VAT_ERROR_DESC,STATErrordesc,NULL,FALSE,NULL,,,,,,,,,,,,,,,,,,,,,,,,,,,,
,,,,,,,,,,,,,,,,,,,,,,,,,,,,,,,,,,,
[CAPSULE_INFO:CapsuleInfo,,FALSE,FALSE,FALSE,FALSE,,,,,,,,],,,,,,,,,,,,,,,,,,,,,,
*NULL,LONG,,RF_CAP_ID,CapId,NULL,FALSE,NULL,,,,,,,,,,,,,,,,,,,,,,,,,,,,
*NULL,LONG,,RF_CAP_REVISION,CapRevision,NULL,FALSE,NULL,,,,,,,,,,,,,,,,,,,,,,,,,,,,
*NULL,LONG,,RF_CAP_USE_COUNT,CapUseCount,NULL,FALSE,NULL,,,,,,,,,,,,,,,,,,,,,,,,,,,,
,,,,,,,,,,,,,,,,,,,,,,,,,,,,,,,,,,,
[MASTERS: Masters,,TRUE,FALSE,FALSE,FALSE,FALSE,,,,,,,],,,,,,,,,,,,,,,,,,,,,,
,,,,,,,,,,,,,,,,,,,,,,,,,,,,,,,,,,,
[GATEWAY_PROXY_CONFIG:Gateway Proxy Config,,FALSE,FALSE,FALSE,FALSE,,,,,,,,],,,,,,,,,,,,,,,,,,,,,,
*NULL,BOOL,,RF_PROXY_ENABLED,IsProxyEnabled,NULL,FALSE,NULL,,,,,,,,,,,,,,,,,,,,,,,,,,,,
*NULL,STR,,RF_PROXY_URL,ProxyUrl,NULL,FALSE,NULL,,,,,,,,,,,,,,,,,,,,,,,,,,,,
*NULL,BOOL,,RF_AUTH_ENABLED,IsAuthEnabled,NULL,FALSE,NULL,,,,,,,,,,,,,,,,,,,,,,,,,,,,
*NULL,STR,,RF_USERNAME,ProxyUserName,NULL,FALSE,NULL,,,,,,,,,,,,,,,,,,,,,,,,,,,,
*NULL,STR,,RF_PASSWORD,ProxyPassword,NULL,FALSE,NULL,,,,,,,,,,,,,,,,,,,,,,,,,,,,
*NULL,BOOL,,RF_ABS_URL_ENABLED,IsAbsoluteUrlEnabled,NULL,FALSE,NULL,,,,,,,,,,,,,,,,,,,,,,,,,,,,
*NULL,LONG,,RF_PROXY_TIMEOUT,ProxyTimeout,NULL,FALSE,NULL,,,,,,,,,,,,,,,,,,,,,,,,,,,,
*NULL,LONG,,RF_STATUS,ResponseStatus,NULL,FALSE,NULL,,,,,,,,,,,,,,,,,,,,,,,,,,,,
,,,,,,,,,,,,,,,,,,,,,,,,,,,,,,,,,,,
[RETURN_OBJECTS:ReturnObjects,,FALSE,FALSE,FALSE,FALSE,,,,,,,,,,,,,,,,,,,,,,,,,,,,,,
*NULL,BOOL,,RF_VCH_CANCELLED,IsVchCancelled,NULL,FALSE,NULL,,,,,,,,,,,,,,,,,,,,,,,,,,,,
*NULL,BOOL,,RF_VCH_DELETED,IsVchDeleted,NULL,FALSE,NULL,,,,,,,,,,,,,,,,,,,,,,,,,,,,
*NULL,BOOL,,RF_VCH_ALTERED,IsVchAltered,NULL,FALSE,NULL,,,,,,,,,,,,,,,,,,,,,,,,,,,,
,,,,,,,,,,,,,,,,,,,,,,,,,,,,,,,,,,,
[BANK_STATUS:BankStatus,,FALSE,FALSE,FALSE,FALSE,FALSE,,,,,,,],,,,,,,,,,,,,,,,,,,,,,
,,,,,,,,,,,,,,,,,,,,,,,,,,,,,,,,,,,
*NULL, STR,, RF_TRANSACTION_ID,TransactionId, NULL, FALSE, NULL,,,,,,,,,,,,,,,,,,,,,,,,,,,,
*NULL, STR,, RF_SET_ID,SetId, NULL, FALSE, NULL,,,,,,,,,,,,,,,,,,,,,,,,,,,,
*NULL, STR,, RF_TRANSACTION_DIGEST,TransactionDigest, NULL, FALSE, NULL,,,,,,,,,,,,,,,,,,,,,,,,,,,,
*NULL, STR,, RF_BANK_REFERENCE,BankReference, NULL, FALSE, NULL,,,,,,,,,,,,,,,,,,,,,,,,,,,,
*NULL, STR,, RF_STATE,State, NULL, FALSE, NULL,,,,,,,,,,,,,,,,,,,,,,,,,,,,
*NULL,AGGR,, RF_STATUS_INFO,StatusInfo, NULL, TRUE, OBJ_STATUS_INFO,,,,,,,,,,,,,,,,,,,,,,,,,,,,
*NULL, STR,, RF_RESERVATION_STATUS,ReservationStatus, NULL, FALSE, NULL,,,,,,,,,,,,,,,,,,,,,,,,,,,,
,,,,,,,,,,,,,,,,,,,,,,,,,,,,,,,,,,,
[STATUS_INFO:StatusInfo,,FALSE,FALSE,FALSE,FALSE,,,,,,,,,,,,,,,,,,,,,,,,,,,,,,
*NULL, STR,, RF_EXT_MESSAGE,ExtMessage, NULL, FALSE, NULL,,,,,,,,,,,,,,,,,,,,,,,,,,,,
*NULL, STR,, RF_EXT_STATUS_CODE,ExtStatusCode, NULL, FALSE, NULL,,,,,,,,,,,,,,,,,,,,,,,,,,,,
*NULL, STR,, RF_MESSAGE,Message, NULL, FALSE, NULL,,,,,,,,,,,,,,,,,,,,,,,,,,,,
*NULL,LONG,, RF_STATUS_CODE,StatusCode, NULL, FALSE, NULL,,,,,,,,,,,,,,,,,,,,,,,,,,,,
,,,,,,,,,,,,,,,,,,,,,,,,,,,,,,,,,,,
[SSOUN:SSOUserNames,,FALSE,FALSE,FALSE,FALSE,FALSE,,,,,,,],,,,,,,,,,,,,,,,,,,,,,
,,,,,,,,,,,,,,,,,,,,,,,,,,,,,,,,,,,
*NULL, STR,, RF_NAME, Name, NULL, FALSE, NULL,,,,,,,,,,,,,,,,,,,,,,,,,,,,
,,,,,,,,,,,,,,,,,,,,,,,,,,,,,,,,,,,
[PARSER_ERROR:Parser Error,,TRUE,FALSE,FALSE,FALSE,,,,,,,,],,,,,,,,,,,,,,,,,,,,,,
,,,,,,,,,,,,,,,,,,,,,,,,,,,,,,,,,,,
*NULL,BOOL,,RF_IS_PARSER_ERROR,Is Praser Error,NULL, FALSE, NULL,,,,,,,,,,,,,,,,,,,,,,,,,,,,
*NULL,STR,,RF_LAST_PARSER_ERROR,Last Parser Error,NULL, FALSE, NULL,,,,,,,,,,,,,,,,,,,,,,,,,,,,
*NULL,AGGR,,RF_PARSER_ERRORS_LIST,Parser Errors List,NULL, TRUE,OBJ_PARSER_ERRORS_LIST,,,,,,,,,,,,,,,,,,,,,,,,,,,,
,,,,,,,,,,,,,,,,,,,,,,,,,,,,,,,,,,,
[PARSER_ERRORS_LIST: Praser Errors List,,,FALSE,FALSE,FALSE,FALSE,FALSE,,,,,,,,,,,,,],,,,,,,,,,,,,,,
*NULL,STR,,RF_OBJ_TYPE,Object Type, NULL, FALSE, NULL                                                               ,,,,,,,,,,,,,,,,,,,,,,,,,,,,
*NULL,STR,,RF_OBJ_NAME,Object Name,NULL,FALSE,NULL,,,,,,,,,,,,,,,,,,,,,,,,,,,,
*NULL,STR,,RF_VALUE_NAME,Value Name,NULL,FALSE,NULL,,,,,FALSE,,,,,,,,,,,,,,,,,,,,,,,
*NULL,LONG,,RF_ERROR_CODE,Error Code,NULL,FALSE,NULL,,,,,,,,,,,,,,,,,,,,,,,,,,,,
,,,,,,,,,,,,,,,,,,,,,,,,,,,,,,,,,,,
[ACTIVATION_RSLN_LIST: ActivationResolutionList,,TRUE,FALSE,FALSE,FALSE,FALSE,FALSE,,,,,,,,,,,,,],,,,,,,,,,,,,,,
*NULL,LONG,,RF_LIC_SERIAL_NUM,LicSerialNum, NULL, FALSE,NULL                                                               ,,,,,,,,,,,,,,,,,,,,,,,,,,,,
*NULL,STR,,RF_LIC_ACC_NAME,LicAccName,NULL,FALSE,NULL,,,,,,,,,,,,,,,,,,,,,,,,,,,,
*NULL,STR,,RF_LIC_SITE_NAME,LicSiteName,NULL,FALSE,NULL,,,,,,,,,,,,,,,,,,,,,,,,,,,,
*NULL,STR,,RF_LIC_STATUS,LicStatus,NULL,FALSE,NULL,,,,,,,,,,,,,,,,,,,,,,,,,,,,
*NULL,STR,,RF_LIC_REF_ID,LicRefId,NULL,FALSE,NULL,,,,,,,,,,,,,,,,,,,,,,,,,,,,
,,,,,,,,,,,,,,,,,,,,,,,,,,,,,,,,,,,
[INMEMORY:INMEMORY,,TRUE,FALSE,FALSE,FALSE,FALSE,,,,,,,,,,,,,,,,,,,,,,,,,,,,,
,,,,,,,,,,,,,,,,,,,,,,,,,,,,,,,,,,,
[TCS_INFO:TCS Info,,FALSE,FALSE,FALSE,FALSE,,,,,,,,],,,,,,,,,,,,,,,,,,,,,,
*NULL,STR,,RF_IPADDRESS,LicSrvIPAddress,NULL,FALSE,NULL,,,,,,,,,,,,,,,,,,,,,,,,,,,,
*NULL,LONG,,RF_PORT_NUMBER,LicSrvPort,NULL,FALSE,NULL,,,,,,,,,,,,,,,,,,,,,,,,,,,,
*NULL,STR,,RF_SYSTEM_NAME,LicSrvSysName,NULL,FALSE,NULL,,,,,,,,,,,,,,,,,,,,,,,,,,,,
*NULL,LONG,,RF_LIC_STATUS,LicSrvLicStatusNum,NULL,FALSE,NULL,,,,,,,,,,,,,,,,,,,,,,,,,,,,
*NULL,STR,,RF_LIC_FLAVOUR,LicSrvLicDetails,NULL,FALSE,NULL,,,,,,,,,,,,,,,,,,,,,,,,,,,,
*NULL,STR,,RF_LIC_SERIAL_NUM,LicSrvLicSrlNum,NULL,FALSE,NULL,,,,,,,,,,,,,,,,,,,,,,,,,,,,
*NULL,BOOL,,RF_LOCAL_MACHINE,LicSrvLocalMachine,FALSE,FALSE,NULL,,,,,,,,,,,,,,,,,,,,,,,,,,,,
*NULL,BOOL,,RF_IS_CONFIGURED,LicSrvCurrentlyConfigured,FALSE,FALSE,NULL,,,,,,,,,,,,,,,,,,,,,,,,,,,,
,,,,,,,,,,,,,,,,,,,,,,,,,,,,,,,,,,,
[USER_AGGR:UserAggregate,,TRUE,FALSE,FALSE,FALSE,FALSE,,,,,,,,,,,,,,,,,,,,,,,,,,,,,
*NULL,AGGR,,RF_USER_AGGR_VALUES,UserAggregateValue,NULL,TRUE,OBJ_AGGR_VALUE,,,,,,,,,,,,,,,,,,,,,,,,,,,,
,,,,,,,,,,,,,,,,,,,,,,,,,,,,,,,,,,,
[GST_RATEWISE_DETAILS:GSTRatewiseDetails,,TRUE,FALSE,FALSE,FALSE,FALSE,,,,,,,,,,,,,,,,,,,,,,,,,,,,,
*NULL, SYSID,,RF_GST_INFERENCE_OBJ_TYPE,GSTInferenceObjType, NULL, FALSE, NULL,,,,,,,,,,,,,,,,,,,,,,,,,,,,
*NULL,STR,,RF_GST_INFERENCE_OBJ_NAME,GSTInferenceObjName, NULL, FALSE, NULL,,,,,,,,,,,,,,,,,,,,,,,,,,,,
*NULL, SYSID,,RF_HSN_INFERENCE_OBJ_TYPE,HSNInferenceObjType, NULL, FALSE, NULL,,,,,,,,,,,,,,,,,,,,,,,,,,,,
*NULL,STR,,RF_HSN_INFERENCE_OBJ_NAME,HSNInferenceObjName, NULL, FALSE, NULL,,,,,,,,,,,,,,,,,,,,,,,,,,,,
,,,,,,,,,,,,,,,,,,,,,,,,,,,,,,,,,,,
*NULL,STR,,RF_HSN_CODE,HSNCode,NULL,FALSE,NULL,,,,,,,,,,,,,,,,,,,,,,,,,,,,
*NULL,MSTID,,RF_HSN_MASTER_NAME,HSNMasterName,NULL,FALSE,NULL,OBJ_GST_CLASSIF,,,,,,,,,,,,,,,,,,,,,,,,,,,
*NULL,MSTID,,RF_GST_MASTER_NAME,GSTMasterName,NULL,FALSE,NULL,OBJ_GST_CLASSIF,,,,,,,,,,,,,,,,,,,,,,,,,,,
,,,,,,,,,,,,,,,,,,,,,,,,,,,,,,,,,,,
*NULL,DATE,,RF_APP_PERIOD_FROM,ApplicableFrom,NULL,FALSE,NULL,,,,,,,,,,,,,,,,,,,,,,,,,,,,
*NULL,DATE,,RF_HSN_APP_PERIOD_FROM,HSNApplicableFrom,NULL,FALSE,NULL,,,,,,,,,,,,,,,,,,,,,,,,,,,,
*NULL,SYSID,,RF_SUPPLY_TYPE,SupplyType,NULL,FALSE,NULL,,,,,,,,,,,,,,,,,,,,,,,,,,,,
*NULL,STR,,RF_HSN,HSN, NULL, FALSE, NULL,,,,,,,,,,,,,,,,,,,,,,,,,,,,
*NULL,BOOL,,RF_IS_NON_GST_GOODS,IsNonGSTGoods,NULL,FALSE,NULL,,,,,,,,,,,,,,,,,,,,,,,,,,,,
*NULL,STR,,RF_GST_NATURE_OF_TRANSACTION,GSTNatureOfTransaction,NULL,FALSE,NULL,,,,,,,,,,,,,,,,,,,,,,,,,,,,
*NULL,SYSID,,RF_TAXABILITY,Taxability,NULL,FALSE,NULL,,,,,,,,,,,,,,,,,,,,,,,,,,,,
*NULL,BOOL,,RF_IS_REVERSE_CHARGE_APPLICABLE,IsReverseChargeApplicable,NULL,FALSE,NULL,,,,,,,,,,,,,,,,,,,,,,,,,,,,
*NULL,NUM,,RF_REV_CHARGE_RATE,ReverseChargeRate,NULL,FALSE,NULL,,,,,,,,,,,,,,,,,,,,,,,,,,,,
*NULL,BOOL,,RF_GST_IS_INELIGIBLE,GSTIneligibleITC,NULL,FALSE,NULL,,,,,,,,,,,,,,,,,,,,,,,,,,,,
*NULL,SYSID,,RF_CALC_TYPE,CalculationType,NULL,FALSE,NULL,,,,,,,,,,,,,,,,,,,,,,,,,,,,
*NULL,STR,,RF_NAT_OF_GOODS,NatureOfGoods,NULL,FALSE,NULL,,,,,,,,,,,,,,,,,,,,,,,,,,,,
*NULL,NUM,,RF_RATE_OF_IGST,IGSTRate,NULL,FALSE,NULL,,,,,,,,,,,,,,,,,,,,,,,,,,,,
*NULL,SYSID,,RF_IGST_RATE_VALUATION_TYPE,IGSTRateValuationType,NULL,FALSE,NULL,,,,,,,,,,,,,,,,,,,,,,,,,,,,
*NULL,NUM,,RF_IGST_RATE_PER_UNIT,IGSTRatePerUnit,NULL,FALSE,NULL,,,,,,,,,,,,,,,,,,,,,,,,,,,,
*NULL,NUM,,RF_RATE_OF_CGST,CGSTRate,NULL,FALSE,NULL,,,,,,,,,,,,,,,,,,,,,,,,,,,,
*NULL,SYSID,,RF_CGST_RATE_VALUATION_TYPE,CGSTRateValuationType,NULL,FALSE,NULL,,,,,,,,,,,,,,,,,,,,,,,,,,,,
*NULL,NUM,,RF_CGST_RATE_PER_UNIT,CGSTRatePerUnit,NULL,FALSE,NULL,,,,,,,,,,,,,,,,,,,,,,,,,,,,
*NULL,NUM,,RF_RATE_OF_SGST,SGSTRate,NULL,FALSE,NULL,,,,,,,,,,,,,,,,,,,,,,,,,,,,
*NULL,SYSID,,RF_SGST_RATE_VALUATION_TYPE,SGSTRateValuationType,NULL,FALSE,NULL,,,,,,,,,,,,,,,,,,,,,,,,,,,,
*NULL,NUM,,RF_SGST_RATE_PER_UNIT,SGSTRatePerUnit,NULL,FALSE,NULL,,,,,,,,,,,,,,,,,,,,,,,,,,,,
*NULL,NUM,,RF_RATE_OF_UTGST,UTGSTRate,NULL,FALSE,NULL,,,,,,,,,,,,,,,,,,,,,,,,,,,,
*NULL,SYSID,,RF_UTGST_RATE_VALUATION_TYPE,UTGSTRateValuationType,NULL,FALSE,NULL,,,,,,,,,,,,,,,,,,,,,,,,,,,,
*NULL,NUM,,RF_UTGST_RATE_PER_UNIT,UTGSTRatePerUnit,NULL,FALSE,NULL,,,,,,,,,,,,,,,,,,,,,,,,,,,,
*NULL,NUM,,RF_RATE_OF_CESSGST,CessGSTRate,NULL,FALSE,NULL,,,,,,,,,,,,,,,,,,,,,,,,,,,,
*NULL,SYSID,,RF_CESSGST_RATE_VALUATION_TYPE,CessGSTRateValuationType,NULL,FALSE,NULL,,,,,,,,,,,,,,,,,,,,,,,,,,,,
*NULL,NUM,,RF_CESSGST_RATE_PER_UNIT,CessGSTRatePerUnit,NULL,FALSE,NULL,,,,,,,,,,,,,,,,,,,,,,,,,,,,
,,,,,,,,,,,,,,,,,,,,,,,,,,,,,,,,,,,
[VOUCHER_SYSTEM_SUMM:VoucherSystemSumm,,TRUE,FALSE,FALSE,FALSE,FALSE,,,,,,,,,,,,,,,,,,,,,,,,,,,,,
*NULL, AGGR,, RF_VOUCHERS, Vouchers, NULL, TRUE, OBJ_VOUCHER,,,,,,,,,,,,,,,,,,,,,,,,,,,,
,,,,,,,,,,,,,,,,,,,,,,,,,,,,,,,,,,,
[EXCEPTION:Exception,,FALSE,FALSE,FALSE,FALSE,,,,,,,,],,,,,,,,,,,,,,,,,,,,,,
*NULL,NUM,,RF_ID,NULL,NULL,FALSE,NULL,,,,,,,,,,,,,,,,,,,,,,,,,,,,
*NULL,NUM,,RF_TYPE,Exception Type,NULL,FALSE,NULL,,,,,,,,,,,,,,,,,,,,,,,,,,,,
*NULL,STR,,RF_MESSAGE,Message,NULL,FALSE,NULL,,,,,,,,,,,,,,,,,,,,,,,,,,,,
*NULL,BOOL,,RF_IS_IGNORED,IsIgnored,NULL,FALSE,NULL,,,,,,,,,,,,,,,,,,,,,,,,,,,,
*NULL,BOOL,,RF_IS_RESOLUTION_AVAILABLE,IsResolutionAvailable,NULL,FALSE,NULL,,,,,,,,,,,,,,,,,,,,,,,,,,,,
,,,,,,,,,,,,,,,,,,,,,,,,,,,,,,,,,,,
[MASTER_HIERARCHY: MasterHierarchy,,TRUE,FALSE,FALSE,FALSE,FALSE,,,,,,,],,,,,,,,,,,,,,,,,,,,,,
,,,,,,,,,,,,,,,,,,,,,,,,,,,,,,,,,,,
,,,,,,,,,,,,,,,,,,,,,,,,,,,,,,,,,,,
[ACCOUNT_INFO: AccountInfo,,TRUE,FALSE,FALSE,FALSE,FALSE,FALSE,,,,,,,,,,,,,],,,,,,,,,,,,,,,
*NULL,STR,,RF_SUGGESTED_ACC_DISP_ID,SuggestedAccDisplayId,NULL,FALSE,NULL,,,,,,,,,,,,,,,,,,,,,,,,,,,,
*NULL,AGGR,,RF_LIC_ACC_LIST,LicAccountList,NULL, TRUE,OBJ_LIC_ACCOUNT_LIST,,,,,,,,,,,,,,,,,,,,,,,,,,,,
,,,,,,,,,,,,,,,,,,,,,,,,,,,,,,,,,,,
[LIC_ACCOUNT_LIST: LicAccountList,,TRUE,FALSE,FALSE,FALSE,FALSE,FALSE,,,,,,,,,,,,,],,,,,,,,,,,,,,,
*NULL,LONG,,RF_LIC_ACC_INTERNAL_ID,LicAccountInternalId,NULL,FALSE,NULL,,,,,,,,,,,,,,,,,,,,,,,,,,,,
*NULL,STR,,RF_LIC_ACC_DISPLAY_ID,LicAccountDisplayId,NULL,FALSE,NULL,,,,,,,,,,,,,,,,,,,,,,,,,,,,
*NULL,STR,,RF_LIC_SUGGESTED_SITE_ID,LicAccountSuggestedSiteId,NULL,FALSE,NULL,,,,,,,,,,,,,,,,,,,,,,,,,,,,
*NULL,AGGR,,RF_LIC_SITE_LIST,LicSiteList,NULL, TRUE,OBJ_LIC_SITE_LIST,,,,,,,,,,,,,,,,,,,,,,,,,,,,
,,,,,,,,,,,,,,,,,,,,,,,,,,,,,,,,,,,
[LIC_SITE_LIST: LicSiteList,,TRUE,FALSE,FALSE,FALSE,FALSE,FALSE,,,,,,,,,,,,,],,,,,,,,,,,,,,,
*NULL,LONG,,RF_LIC_SITE_INTERNAL_ID,LicSiteInternalId,NULL,FALSE,NULL,,,,,,,,,,,,,,,,,,,,,,,,,,,,
*NULL,STR,,RF_LIC_SITE_DISPLAY_ID,LicSiteDisplayId,NULL,FALSE,NULL,,,,,,,,,,,,,,,,,,,,,,,,,,,,
*NULL,LONG,,RF_LIC_REF_ID,LicRefId,NULL,FALSE,NULL,,,,,,,,,,,,,,,,,,,,,,,,,,,,
*NULL,STR,,RF_LIC_STATUS,LicStatus,NULL,FALSE,NULL,,,,,,,,,,,,,,,,,,,,,,,,,,,,
*NULL,STR,,RF_LIC_SERIAL_NUM,LicSerialNum, NULL, FALSE,NULL                                                               ,,,,,,,,,,,,,,,,,,,,,,,,,,,,
*NULL,STR,,RF_LIC_SITE_ADMIN_EMAIL_ID,SiteAdminEmailId,NULL,FALSE,NULL,,,,,,,,,,,,,,,,,,,,,,,,,,,,
,,,,,,,,,,,,,,,,,,,,,,,,,,,,,,,,,,,
[LIC_ACTIVITY_DETAILS:LicActivityDetails,,FALSE,FALSE,FALSE,FALSE,FALSE,,,,,,,],,,,,,,,,,,,,,,,,,,,,,
*NULL, STR,, RF_LIC_ACC_ID,LICAccId, NULL, FALSE, NULL,,,,,,,,,,,,,,,,,,,,,,,,,,,,
*NULL, STR,, RF_LIC_SITE_ID,LICSiteId, NULL, FALSE, NULL,,,,,,,,,,,,,,,,,,,,,,,,,,,,
*NULL, STR,, RF_LIC_ID,LICAuthLicenseId, NULL, FALSE, NULL,,,,,,,,,,,,,,,,,,,,,,,,,,,,
*NULL, STR,, RF_LIC_EMAIL_ID,LICEmailId, NULL, FALSE, NULL,,,,,,,,,,,,,,,,,,,,,,,,,,,,
*NULL, STR,, RF_ACTIVATION_KEY,LICActKey, NULL, FALSE, NULL,,,,,,,,,,,,,,,,,,,,,,,,,,,,
*NULL, STR,, RF_MASK_ADMIN_EMAIL_ID,LICMaskedAdminEmail, NULL, FALSE, NULL,,,,,,,,,,,,,,,,,,,,,,,,,,,,
*NULL, STR,, RF_ADMIN_EMAIL_ID,LICAuthCustEmail, NULL, FALSE, NULL,,,,,,,,,,,,,,,,,,,,,,,,,,,,
*NULL, STR,, RF_USER_EMAIL_ID,LICUserEmail, NULL, FALSE, NULL,,,,,,,,,,,,,,,,,,,,,,,,,,,,
*NULL, STR,, RF_PASSWORD,LICAuthPasswd, NULL, FALSE, NULL,,,,,,,,,,,,,,,,,,,,,,,,,,,,
*NULL,BOOL,, RF_SHOW_OTP,ShowOTP, NULL, FALSE, NULL,,,,,,,,,,,,,,,,,,,,,,,,,,,,
*NULL,SYSID,, RF_LIC_ACTIVATION_STATE,LicActivationState, NULL, FALSE, NULL,,,,,,,,,,,,,,,,,,,,,,,,,,,,
*NULL,LONG,, RF_OTP_LEN,OTPLength, NULL, FALSE, NULL,,,,,,,,,,,,,,,,,,,,,,,,,,,,
*NULL,STR,, RF_LIC_TSS_EXPIRY,LicTSSExpiry, NULL, FALSE, NULL,,,,,,,,,,,,,,,,,,,,,,,,,,,,
*NULL, STR,, RF_LIC_MOB_NUM,LicMobileNumber, NULL, FALSE, NULL,,,,,,,,,,,,,,,,,,,,,,,,,,,,
*NULL, STR,, RF_LIC_SELECTED_SERIAL,SelectedSerial, NULL, FALSE, NULL,,,,,,,,,,,,,,,,,,,,,,,,,,,,
*NULL,LONG,, RF_LIC_SELECTED_REFID,SelectedRefId, NULL, FALSE, NULL,,,,,,,,,,,,,,,,,,,,,,,,,,,,
*NULL,BOOL,, RF_LIC_SHOW_OTP_PWD_TOGGLE,ShowOTPPwdToggle, NULL, FALSE, NULL,,,,,,,,,,,,,,,,,,,,,,,,,,,,
*NULL,STR,, RF_LIC_OFFLINE_RES_CODE,OfflineResponseCode, NULL, FALSE, NULL,,,,,,,,,,,,,,,,,,,,,,,,,,,,
*NULL,BOOL,, RF_IS_MULTI_SITE_LIC,IsMultiSiteLic, NULL, FALSE, NULL,,,,,,,,,,,,,,,,,,,,,,,,,,,,
*NULL,BOOL,, RF_LIC_LAST_ACT_RESULT,LastActivityResult,TV_TRUE, FALSE, NULL,,,,,,,,,,,,,,,,,,,,,,,,,,,,
*NULL,SYSID,, RF_LIC_AUTH_BY,LicAuthBy, NULL, FALSE, NULL,,,,,,,,,,,,,,,,,,,,,,,,,,,,
*NULL,BOOL,, RF_LIC_IS_EXISTING_EMAIL,IsExistingEmailId, NULL, FALSE, NULL,,,,,,,,,,,,,,,,,,,,,,,,,,,,
*NULL,LONG,, RF_LIC_OFFLINE_ACT_DATE,, NULL, FALSE, NULL,,,,,,,,,,,,,,,,,,,,,,,,,,,,
*NULL,STR,, RF_LIC_OFFLINE_REQ_CODE,, NULL, FALSE, NULL,,,,,,,,,,,,,,,,,,,,,,,,,,,,
*NULL,STR,, RF_LIC_OFFLINE_RANDOM_NUM,, NULL, FALSE, NULL,,,,,,,,,,,,,,,,,,,,,,,,,,,,
*NULL,LONG64,, RF_LIC_RF_ID,, NULL, FALSE, NULL,,,,,,,,,,,,,,,,,,,,,,,,,,,,
*NULL,LONG,, RF_LIC_USER_INTERNAL_ID,, NULL, FALSE, NULL,,,,,,,,,,,,,,,,,,,,,,,,,,,,
*NULL,BOOL,, RF_LIC_IS_TCS_CONNECTED,, NULL, FALSE, NULL,,,,,,,,,,,,,,,,,,,,,,,,,,,,
*NULL,BOOL,, RF_LIC_IS_ACC_CREATED,, NULL, FALSE, NULL,,,,,,,,,,,,,,,,,,,,,,,,,,,,
*NULL,BOOL,,RF_LIC_IS_ALREADY_LINKED,, NULL, FALSE, NULL,,,,,,,,,,,,,,,,,,,,,,,,,,,,
,,,,,,,,,,,,,,,,,,,,,,,,,,,,,,,,,,,
,,,,,,,,,,,,,,,,,,,,,,,,,,,,,,,,,,,
[LAN_CARD_DETAILS: LanCardDetails,,TRUE,FALSE,FALSE,FALSE,FALSE,FALSE,,,,,,,,,,,,,,,,,,,,,,,,,,,,
*NULL,STR,,RF_NAME,Name,NULL,FALSE,NULL,,,,,,,,,,,,,,,,,,,,,,,,,,,,
*NULL,STR,,RF_IPADDRESS,IPAddress,NULL,FALSE,NULL,,,,,,,,,,,,,,,,,,,,,,,,,,,,
*NULL,STR,,RF_SUBNET_MASK,SubnetMask,NULL,FALSE,NULL,,,,,,,,,,,,,,,,,,,,,,,,,,,,
*NULL,STR,,RF_GATEWAY,Gateway,NULL,FALSE,NULL,,,,,,,,,,,,,,,,,,,,,,,,,,,,
*NULL,STR,,RF_MAC_ADDRESS,MACAddress,NULL,FALSE,NULL                                                               ,,,,,,,,,,,,,,,,,,,,,,,,,,,,
*NULL,NUM,,RF_DHCP_ENABLED,DHCPEnabled,NULL,FALSE,NULL                                                               ,,,,,,,,,,,,,,,,,,,,,,,,,,,,
,,,,,,,,,,,,,,,,,,,,,,,,,,,,,,,,,,,
[USER_PURPOSE_AGGREGATE: User Purpose Aggregate,,TRUE,FALSE,FALSE,FALSE,FALSE,,,,,,,],,,,,,,,,,,,,,,,,,,,,,
,,,,,,,,,,,,,,,,,,,,,,,,,,,,,,,,,,,
[FETCHED_PURPOSE_AGGREGATE: Fetched Purpose Aggregate,,TRUE,FALSE,FALSE,FALSE,FALSE,,,,,,,],,,,,,,,,,,,,,,,,,,,,,
,,,,,,,,,,,,,,,,,,,,,,,,,,,,,,,,,,,
[ACCOUNTING_PURPOSE_AGGREGATE: Accounting Purpose Aggregate,,TRUE,FALSE,FALSE,FALSE,FALSE,,,,,,,],,,,,,,,,,,,,,,,,,,,,,
,,,,,,,,,,,,,,,,,,,,,,,,,,,,,,,,,,,
[REFERENCE_NUMBER:Reference Number,,TRUE,FALSE,FALSE,FALSE,FALSE,,,,,,,],,,,,,,,,,,,,,,,,,,,,,
