;; Sri Ganeshji : Sri Balaji : Sri Pitreshwarji : Sri Durgaji : Sri Venkateshwara ,,,,,,,,,,,,,,,,,,,,,,,,,,,,,,,,,,,,
;; Section/Object,SDFId of Object,IsPrimary,IsRecursive,HasMstTree,HasValidFunc,HasPrepareFunc,RF Required 1,RF Required 2,Is OR Test,HasSplitFunc,HasIsEmptyFunc,ObjNameRF,Natural Language Accessible,NatLangAliases,HasViews,UseFastCaching,Can Regenerate,GetPvtFuncs,HasMsgPrepareFunc,Section Close,,,,,,,,,,,,,,,,COMMENTS (must start with //)
;; FLD Name, Type,Level, RF Name, TDL Name, Default Value, Repeated, Object Name,MST OBJ Name, IsUnique, UniqueRF for Aggr / BaseDate For DateRange, SchemaInEditModeOnly,IsInherited,IsCacheRequired/Property of Object,SourceCollection,IsSysNameIsString,Required For Remoting,NatLang Accessible,NatLang Aliases,FromDateParmApplicable,ToDateParmApplicable,ValMethodParmApplicable,ScenarioParmApplicable,ObjIdentiferParm,View,IsConsumable,Read/Write,IsInitiallyGathered,IsEncrypted,IsExportable,RFSrcType,RFSrcTdlExp,RegeneratesObj,DependencyType,Is Status Type,Dependency,COMMENTS(muststartwith//)
,,,,,,,,,,,,,,,,,,,,,,,,,,,,,,,,,,,,
[LANG_NAME:LanguageName,,FALSE,FALSE,FALSE,FALSE,,,,,,,,,,,,,,,],,,,,,,,,,,,,,,,
,,,,,,,,,,,,,,,,,,,,,,,,,,,,,,,,,,,,
*INDIRECT, LONG,, RF_LANG_ID, Language Id,NULL, FALSE, NULL,,,,,,,,,,,,,,,,,,,,,,,,,,,,,
*NULL,STR,,RF_LANGUAGE,Language,NULL,FALSE,NULL,,,,,,,,,,TRUE,,,,,,,,,,,,,,,,,,,
FLD_LANG_NAME, STR,, RF_NAME, Name, NULL, TRUE, NULL,, TRUE, RF_NAME,,,,,,,,,,,,,,,,,,,,,,,,,,"//  0,N: Name & Aliases"
,,,,,,,,,,,,,,,,,,,,,,,,,,,,,,,,,,,,
[VCH_CLASS_LED_LIST: Voucher Class Ledger List,,FALSE,FALSE,FALSE,FALSE,FALSE,RF_NAME,,,,,,,,,,,,,],,,,,,,,,,,,,,,,
,,,,,,,,,,,,,,,,,,,,,,,,,,,,,,,,,,,,
FLD_VTYP_CLASS_LED, MSTID,, RF_NAME, Name, NULL, FALSE,NULL, OBJ_LEDGER,,,,,,,,,,,,,,,,,,,,,,,,,,,,
FLD_VTYP_CLASS_LED_ADJTYPE, SYSID,, RF_CLASS_LED_ADJTYPE, Method Type, NULL, FALSE, NULL,,,,,,,,,,,,,,,,,,,,,,,,,,,,,
FLD_VTYP_CLASS_LED_ROUNDTYPE, SYSID,, RF_CLASS_LED_ROUNDTYPE, RoundType, NULL, FALSE, NULL,,,,,,,,,,,,,,,,,,,,,,,,,,,,,
FLD_VTYP_CLASS_LED_ROUNDLIMIT, NUM,, RF_CLASS_LED_ROUNDLIMIT, RoundLimit, NULL, FALSE, NULL,,,,,,,,,,,,,,,,,,,,,,,,,,,,,
FLD_VTYP_LED_FROM_INV, BOOL,, RF_LED_FROM_INV, LedgerFromItem,TV_FALSE, FALSE, NULL,,,,,,,,,,,,,,,,,,,,,,,,,,,,,
FLD_VTYP_SCRAP_ZERO_ENTRIES, BOOL,, RF_SCRAP_ZERO_ENTRIES, RemoveZeroEntries,TV_TRUE, FALSE, NULL,,,,,,,,,,,,,,,,,,,,,,,,,,,,,
FLD_VTYP_CLASS_VAT_CLASSIF_ID, MSTID,, RF_VAT_CLASSIF_NAME, Tax Classification Name, NULL, FALSE,NULL, OBJ_VAT_CLASSIFICATION,,,,,,,,,,,,,,,,,,,,,,,,,,,,
FLD_VTYP_CLASS_LED_RATESTR, STR,, RF_VCH_CLASS_RATE, ClassRate, NULL, FALSE, NULL,,,,,,,,,,,,,,,,,,,,,,,,,,,,,
FLD_VTYP_CLASS_STAT_CLASSIF_NAME,MSTID,,RF_VAT_STATCLASSIFNAME,StatClassificationName, NULL, FALSE, NULL,OBJ_VAT_CLASSIFICATION,,,,,,,,,,,,,,,,,,,,,,,,,,,,
FLD_VTYP_CLASS_STAT_NATURE_NAME, STR,,RF_VAT_STATNATURENAME,StatNatureName, NULL, FALSE, NULL,,,,,,,,,,,,,,,,,,,,,,,,,,,,,
FLD_VTYP_CLASS_VAT_CLASSIFICATION_NAME,MSTID,,RF_VAT_CLASSIFICATION_NAME,VATClassificationName, NULL, FALSE, NULL,OBJ_VAT_CLASSIFICATION,,,,,,,,,,,,,,,,,,,,,,,,,,,,
FLD_VTYP_CLASS_EXCISE_CLASSIFICATION_NAME,MSTID,,RF_EXCISE_CLASSIFICATION_NAME,ExciseClassificationName, NULL, FALSE, NULL,OBJ_TARIFF_CLASSIF,,,,,,,,,,,,,,,,,,,,,,,,,,,,
FLD_VTYP_CLASS_SERVICETAX_CLASSIFICATION_NAME,MSTID,,RF_SERVICETAX_CLASSIFICATION_NAME,ServiceTaxClassificationName, NULL, FALSE, NULL,OBJ_ST_CATEGORY,,,,,,,,,,,,,,,,,,,,,,,,,,,,
FLD_VTYP_CLASS_TDS_CLASSIFICATION_NAME,MSTID,,RF_TDS_CLASSIFICATION_NAME,TDSClassificationName, NULL, FALSE, NULL,OBJ_TDS_RATE,,,,,,,,,,,,,,,,,,,,,,,,,,,,
FLD_VTYP_CLASS_TCS_CLASSIFICATION_NAME,MSTID,,RF_TCS_CLASSIFICATION_NAME,TCSClassificationName, NULL, FALSE, NULL,OBJ_TDS_RATE,,,,,,,,,,,,,,,,,,,,,,,,,,,,
FLD_VTYP_CLASS_VAT_CLASSIFICATION_NATURE,STR,,RF_VAT_CLASSIFICATION_NATURE,VATClassificationNature, NULL, FALSE, NULL,,,,,,,,,,,,,,,,,,,,,,,,,,,,,
FLD_VTYP_CLASS_LED_DUTY_HEAD_DET,AGGR,,RF_DUTY_HEAD_DET,DutyHeadDetails,NULL,TRUE,OBJ_DUTY_HEAD_DET,,,,,,,,,,,,,,,,,,,,,,,,,,,,,
FLD_VTYP_CLASS_GST_CLASSIFICATION_NAME,MSTID,,RF_GST_CLASSIFICATION_NAME,GSTClassificationName, NULL, FALSE, NULL,OBJ_GST_CLASSIF,,,,,,,,,,,,,,,,,,,,,,,,,,,,
FLD_VTYP_CLASS_GST_CLASSIFICATION_NATURE,STR,,RF_GST_CLASSIFICATION_NATURE,GSTClassificationNature, NULL, FALSE, NULL,,,,,,,,,,,,,,,,,,,,,,,,,,,,,
FLD_VTYP_CLASS_IS_ZRBASIC_SERVICE,SYSID,,RF_IS_ZRBASIC_SERVICE,IsZRBasicService, NULL, FALSE, NULL,,,,,,,,,,,,,,,,,,,,,,,,,,,,,
,,,,,,,,,,,,,,,,,,,,,,,,,,,,,,,,,,,,
[AUDIT_ENTRIES:Audit Entries,,FALSE,FALSE,FALSE,FALSE,FALSE,RF_AUDIT_NAME,RF_AUDIT_TYPE,,,,,,,,,,,,],,,,,,,,,,,,,,,,
,,,,,,,,,,,,,,,,,,,,,,,,,,,,,,,,,,,,
FLD_VCH_AUDIT_NAME,SYSID,,RF_AUDIT_NAME,AuditName, NULL, FALSE, NULL,,,,,,,,,,,,,,,,,,,,,,,,,,,,,
FLD_VCH_AUDIT_TYPE,SYSID,,RF_AUDIT_TYPE,AuditType, NULL, FALSE, NULL,,,,,,,,,,,,,,,,,,,,,,,,,,,,,
FLD_VCH_AUDITED_BY,STR,,RF_AUDIT_AUDITED_BY,AuditedBy, NULL, FALSE, NULL,,,,,,,,,,,,,,,,,,,,,,,,,,,,,
FLD_VCH_AUDIT_DATE,DATE,,RF_AUDIT_DATE,AuditDate, NULL, FALSE, NULL,,,,,,,,,,,,,,,,,,,,,,,,,,,,,
FLD_VCH_AUDIT_TIME,STR,,RF_AUDIT_TIME,AuditTime, NULL, FALSE, NULL,,,,,,,,,,,,,,,,,,,,,,,,,,,,,
FLD_VCH_AUDIT_STATUS,SYSID,,RF_AUDIT_STATUS,AuditStatus, NULL, FALSE, NULL,,,,,,,,,,,,,,,,,,,,,,,,,,,,,
FLD_VCH_AUDIT_AMOUNT,AMT,,RF_AUDIT_AMOUNT,AuditAmount, NULL, FALSE, NULL,,,,,,,,,,,,,,,,,,,,,,,,,,,,,
FLD_VCH_AUDIT_NOTE,STR,,RF_AUDIT_NOTE,AuditNote, NULL, FALSE, NULL,,,,,,,,,,,,,,,,,,,,,,,,,,,,,
FLD_VCH_AUDIT_CLRIFICATN,STR,,RF_AUDIT_CLRIFICATN,AuditClarification, NULL, FALSE, NULL,,,,,,,,,,,,,,,,,,,,,,,,,,,,,
FLD_VCH_AUDIT_ADDL_INFO,STR,,RF_AUDIT_ADDL_INFO,AuditAddlInfo, NULL, FALSE, NULL,,,,,,,,,,,,,,,,,,,,,,,,,,,,,
FLD_VCH_AUDIT_ANNEX_STATUS,SYSID,,RF_AUDIT_ANNEX_STATUS,AnnexureStatus,NULL,TRUE,NULL,,,,,,,,,,,,,,,,,,,,,,,,,,,,,
FLD_VCH_ADT_PERIOD_FROM,DATE,,RF_AUDIT_PERIOD_FROM,AuditPeriodFrom, NULL, FALSE, NULL                                                                             ,,,,,,,,,,,,,,,,,,,,,,,,,,,,,
FLD_VCH_AUDIT_CATEGORY,STR,,RF_AUDIT_CATEGORY,AuditCategory,NULL,FALSE,NULL,,,,,,,,,,,,,,,,,,,,,,,,,,,,,
FLD_VCH_AUDIT_PRIORITY,SYSID,,RF_AUDIT_PRIORITY,AuditPriority,NULL,FALSE,NULL,,,,,,,,,,,,,,,,,,,,,,,,,,,,,
FLD_VCH_AUDIT_CLRIFICATN_FROM,STR,,RF_CLRIFICATN_FROM,AuditClarificationFrom,NULL,FALSE,NULL,,,,,,,,,,,,,,,,,,,,,,,,,,,,,
,,,,,,,,,,,,,,,,,,,,,,,,,,,,,,,,,,,,
[PRESUFFIX: Prefix Suffix List, , FALSE, FALSE, FALSE, FALSE ,FALSE,RF_DATE,,,,,,,,,,,,TRUE,],,,,,,,,,,,,,,,,
,,,,,,,,,,,,,,,,,,,,,,,,,,,,,,,,,,,,
*INDIRECT, DATE,, RF_DATE, Date, NULL, FALSE, NULL,,,,,,,,,,,,,,,,,,,,,,,,,,,,,
FLD_PRESUF_FORMULA, STR,, RF_NAME, Name, NULL, FALSE, NULL,,,,,,TRUE,,,,,,,,,,,,,,,,,,,,,,,
FLD_PRESUF_DATE, DATE,, NULL, NULL, NULL, FALSE, NULL,,,,,,,,,,,,,,,,,,,,,,,,,,,,,// TE-22252
,,,,,,,,,,,,,,,,,,,,,,,,,,,,,,,,,,,,
[NUM_PERIOD_LIST: Restart From List, , FALSE, FALSE, FALE, FALSE ,FALSE,RF_DATE,RF_RESTART_BASIS,,,,,,,,,,,,],,,,,,,,,,,,,,,,
,,,,,,,,,,,,,,,,,,,,,,,,,,,,,,,,,,,,
*INDIRECT, DATE,, RF_DATE, Date, NULL, FALSE ,             NULL                                                                                    ,,,,,,,,,,,,,,,,,,,,,,,,,,,,,
FLD_RESTART_BASIS, SYSID,, RF_RESTART_BASIS, Restart From, NULL, FALSE, NULL,,,,,,,,,,,,,,,,,,,,,,,,,,,,, //  CONTINUOUS DAILY WEEKLY MONTHLY YEARLY
FLD_RESTART_WEEKDAY, LONG,,,,,,,,,,,,,,,,,,,,,,,,,,,,,,,,,,, //  if WEEKLY what is 'start of week' (Sunday = 0)
FLD_RESTART_NUMBER, LONG,, RF_RESTART_NUMBER, Period Beginnig Num, NULL, FALSE, NULL,,,,,,,,,,,,,,,,,,,,,,,,,,,,, //  number to start from
FLD_LAST_NUMBER_AGGR,AGGR,,RF_LAST_NUMBER_LIST,Last Number List, NULL,TRUE,OBJ_LAST_NUMBER_LIST,,TRUE,RF_DATE,,,,,,,,,,,,,,,,,,,,,,,,,,
,,,,,,,,,,,,,,,,,,,,,,,,,,,,,,,,,,,,
[LAST_NUMBER_LIST:Last Number List,,FALSE,FALSE,FALSE,FALSE,FALSE,NULL,,,,TRUE,,,,,,,,,,,,,,,,,,,,,,,,,
,,,,,,,,,,,,,,,,,,,,,,,,,,,,,,,,,,,,
*INDIRECT,DATE,,RF_DATE,NULL,NULL,FALSE,NULL,,,,,,,,,,,,,,,,,,,,,,,,,,,,,
FLD_LAST_NUMBER,LONG,,RF_LAST_NUMBER,NULL,NULL,FALSE,NULL,,,,,,,,,,,,,,,,,,,,,,,,,,,,,
,,,,,,,,,,,,,,,,,,,,,,,,,,,,,,,,,,,,
[VCHTYPE_SENDRECV:AllVchTypeSendRecv,,FALSE,FALSE,FALSE,FALSE,FALSE,RF_NAME,,,,,,,,,,,,,],,,,,,,,,,,,,,,,
FLD_VCHTYPE_NAME,MSTID,,RF_NAME,Name,NULL,FALSE,NULL,OBJ_VCHTYPE,,,,,,,,,,,,,,,,,,,,,,,,,,,,
FLD_VCHTYPE_SEND_DATA,BOOL,,RF_SEND_DATA,SendData,TV_FALSE,FALSE,NULL,,,,,,,,,,,,,,,,,,,,,,,,,,,,,
FLD_VCHTYPE_RECV_DATA,BOOL,,RF_RECV_DATA,RecvData,TV_FALSE,FALSE,NULL,,,,,,,,,,,,,,,,,,,,,,,,,,,,,
,,,,,,,,,,,,,,,,,,,,,,,,,,,,,,,,,,,,
,,,,,,,,,,,,,,,,,,,,,,,,,,,,,,,,,,,,
[VCHTYPE_SOURCEID:AllVchTypeSourceID,,FALSE,FALSE,FALSE,FALSE,FALSE,RF_NAME,,,,,,,,,,,,,],,,,,,,,,,,,,,,,
FLD_VCHTYPE_NAME,MSTID,,RF_NAME,Name,NULL,FALSE,NULL,OBJ_VCHTYPE,,,,,,,,,,,,,,,,,,,,,,,,,,,,
FLD_VCHTYPE_SOURCE_LAST_TID, LONG,, RF_SOURCE_TID,VchType SourceTID,NULL, FALSE, NULL,,,,,,TRUE,,,,,,,,,,,,,,,,,,,,,,,//  last TID from this source
FLD_VCHTYPE_SOURCE_LAST_ALTID, LONG,, RF_SOURCE_ALTID,VchType SourceAltID, NULL, FALSE, NULL,,,,,,TRUE,,,,,,,,,,,,,,,,,,,,,,,//  last TID from this source
,,,,,,,,,,,,,,,,,,,,,,,,,,,,,,,,,,,,
[VCHTYPE_LASTSENTID:AllVchTypeLastSentID,,FALSE,FALSE,FALSE,FALSE,FALSE,RF_NAME,,,,,,,,,,,,,],,,,,,,,,,,,,,,,
FLD_VCHTYPE_NAME,MSTID,,RF_NAME,Name,NULL,FALSE,NULL,OBJ_VCHTYPE,,,,,,,,,,,,,,,,,,,,,,,,,,,,
FLD_VCHTYPE_LAST_SENT_TID,LONG,,RF_LAST_SENT_TID,VchTypeLastSentTID,NULL,FALSE,NULL,,,,,,TRUE,,,,,,,,,,,,,,,,,,,,,,,
FLD_VCHTYPE_LAST_SENT_ALTID, LONG,,RF_LAST_SENT_ALTID,VchTypeLastSentAltID,NULL,FALSE,NULL,,,,,,TRUE,,,,,,,,,,,,,,,,,,,,,,,
,,,,,,,,,,,,,,,,,,,,,,,,,,,,,,,,,,,,
[SYNC_ALLOW_DISALLOW:SyncAllowDisallow,,FALSE,FALSE,FALSE,FALSE,FALSE,NULL,,,,,,,,,,,,,],,,,,,,,,,,,,,,,
FLD_VCHTYPES_SYSNAME,SYSID,,RF_SYSNAME,SysName,NULL,FALSE,NULL,,,,,,,,,,,,,,,,,,,,,,,,,,,,,
FLD_VCHTYPE_NAME,MSTID,,RF_NAME,Name,NULL,FALSE,NULL,OBJ_VCHTYPE,,,,,,,,,,,,,,,,,,,,,,,,,,,,
,,,,,,,,,,,,,,,,,,,,,,,,,,,,,,,,,,,,
[SYNC_AFTER_SAVE:SyncAfterSave,,FALSE,FALSE,FALSE,FALSE,FALSE,NULL,,,,,,,,,,,,,],,,,,,,,,,,,,,,,
FLD_VCHTYPE_SYSNAME,SYSID,,RF_SYSNAME,SysName,NULL,FALSE,NULL,,,,,,,,,,,,,,,,,,,,,,,,,,,,,
FLD_VCHTYPE_NAME,MSTID,,RF_NAME,Name,NULL,FALSE,NULL,OBJ_VCHTYPE,,,,,,,,,,,,,,,,,,,,,,,,,,,,
,,,,,,,,,,,,,,,,,,,,,,,,,,,,,,,,,,,,
[BANK_ALLOCATIONS:Bank Allocations,STR,FALSE,FALSE,FALSE,FALSE,FALSE,RF_DATE,,,,,,,,,,,,TRUE,],,,,,,,,,,,,,,,,
FLD_BANK_DATE,DATE,,RF_DATE,Date,NULL,FALSE,NULL,,,,,,,,,,,,,,,,,,,,,,,,,,,,,
FLD_BANK_PAYMNT_FAVOURING,STR,,RF_PAYMNT_FAVOURING,Payment Favouring,NULL,FALSE,NULL,,,,,,,,,,,,,,,,,,,,,,,,,,,,,
FLD_BANK_TRANS_TYPE,SYSID,,RF_TRANSACTION_TYPE,Transaction Type,NULL,FALSE,NULL,,,,,,,,,,,,,,,,,,,,,,,,,,,,,
FLD_BANK_NARRARATION,STR,,RF_NARRATION,Narration,NULL,FALSE,NULL,,,,,,,,,,,,,,,,,,,,,,,,,,,,,
FLD_BANK_CHEQUE_CROSS_CMT,STR,,RF_CROSS_COMMENT,Cheque Cross Comment,NULL,FALSE,NULL,,,,,,,,,,,,,,,,,,,,,,,,,,,,,
FLD_BANK_AMOUNT,AMT,,RF_AMOUNT,Amount,NULL,FALSE,NULL,,,,,,,,,,,,,,,,,,,,,,,,,,,,,
FLD_BANK_INSTRUMENT_DATE,DATE,,RF_BANK_INSTRUMENT_DATE,Instrument Date,NULL,FALSE,NULL,,,,,,,,,,,,,,,,,,,,,,,,,,,,,
FLD_BANK_INSTRUMENT_NUMBER,STR,,RF_BANK_INSTRUMENT_NUMBER,Instrument Number,NULL,FALSE,NULL,,,,,,,,,,,,,,,,,,,,,,,,,,,,,
FLD_BANK_IFS_CODE,STR,,RF_BANK_IFS_CODE,IFS Code,NULL,FALSE,NULL,,,,,,,,,,,,,,,,,,,,,,,,,,,,,
FLD_BANK_NAME,STR,,RF_BANK_NAME,Bank Name,NULL,FALSE,NULL,,,,,,,,,,,,,,,,,,,,,,,,,,,,,
FLD_BANK_BRANCH_NAME,STR,,RF_BANK_BRANCH_NAME,Branch Name,NULL,FALSE,NULL,,,,,,,,,,,,,,,,,,,,,,,,,,,,,
FLD_BANK_ACC_NUM,STR,,RF_BANK_ACC_NUM,Account Number,NULL,FALSE,NULL,,,,,,,,,,,,,,,,,,,,,,,,,,,,,
FLD_BANK_UNIQUE_REF_NUM,STR,,RF_BANK_UNIQUE_REF_NUM,Unique Reference Number,NULL,FALSE,NULL,,,,,,,,,,,,,,,,,,,,,,,,,,,,,
FLD_BANK_BANKERS_DATE,DATE,,RF_BANKERS_DATE,Bankers Date,NULL,FALSE,NULL,,,,,,,,,,,,,,,,,,,,,,,,,,,,,
FLD_BANK_BANKERS_REMARKS,STR,,RF_BANK_BANKERS_REMARKS,Bankers Remarks,NULL,FALSE,NULL,,,,,,,,,,,,,,,,,,,,,,,,,,,,,
FLD_BANK_CHEQ_PRINTED,NUM,,RF_BANK_CHEQ_PRINTED,Cheque Printed,NULL,FALSE,NULL,,,,,,,,,,,,,,,,,,,,,,,,,,,,,
FLD_BANK_INSTRU_RETURN_DATE,DATE,,RF_BANK_INSTRU_RETURN_DATE,Instrument Return Date,NULL,FALSE,NULL,,,,,,,,,,,,,,,,,,,,,,,,,,,,,
FLD_BANK_STATUS,BOOL,,RF_STATUS,Status,TV_FALSE,FALSE,NULL,,,,,,,,,,,,,,,,,,,,,,,,,,,,,
FLD_BANK_CASH_DENOMINATION,STR,,RF_CASH_DENOMINATION,CashDenomination,NULL,FALSE,NULL,,,,,,,,,,,,,,,,,,,,,,,,,,,,,
FLD_BANK_CHQ_RANGE,STR,,RF_CHQ_RANGE,ChequeRange,NULL,FALSE,NULL,,,,,,,,,,,,,,,,,,,,,,,,,,,,,
FLD_BANK_PAY_LINK_ID, LNKMSTID,, RF_NAME, Name, NULL, FALSE,NULL, OBJ_PAY_LINK,,,,,,,,,,,,,,,,,,,,,,,,,,,,
FLD_BANK_TIP_AMT,AMT,,RF_TIP_AMT,TipAmount,NULL,FALSE,NULL,,,,,,,,,,,,,,,,,,,,,,,,,,,,,
FLD_BANK_MERCHANT_ID,STR,,RF_MERCHANT_ID,MerchantId,NULL,FALSE,NULL,,,,,,,,,,,,,,,,,,,,,,,,,,,,,
FLD_BANK_TERMINAL_ID,STR,,RF_TERMINAL_ID,TerminalId,NULL,FALSE,NULL,,,,,,,,,,,,,,,,,,,,,,,,,,,,,
FLD_BANK_APPROVAL_CODE,STR,,RF_APPROVAL_CODE,ApprovalCode,NULL,FALSE,NULL,,,,,,,,,,,,,,,,,,,,,,,,,,,,,
FLD_BANK_BATCH_NUM,STR,,RF_BATCH_NUM,BatchNumber,NULL,FALSE,NULL,,,,,,,,,,,,,,,,,,,,,,,,,,,,,
FLD_BANK_INVOICE_NUM,STR,,RF_INVOICE_NUM,InvoiceNumber,NULL,FALSE,NULL,,,,,,,,,,,,,,,,,,,,,,,,,,,,,
FLD_BANK_CARD_NUMBER,STR,,RF_CARD_NUMBER,CardNumber,NULL,FALSE,NULL,,,,,,,,,,,,,,,,,,,,,,,,,,,,,
FLD_BANK_BANK_CODE,STR,,RF_BANK_CODE,BankCode,NULL,FALSE,NULL,,,,,,,,,,,,,,,,,,,,,,,,,,,,,
FLD_BANK_TIP_REMARKS,STR,,RF_TIP_REMARKS,TipRemarks,NULL,FALSE,NULL,,,,,,,,,,,,,,,,,,,,,,,,,,,,,
FLD_BANK_PAYMENT_MODE,SYSID,,RF_PAYMENT_MODE,Payment Mode,NULL,FALSE,NULL,,,,,,,,,,,,,,,,,,,,,,,,,,,,,
FLD_BANK_SEC_AMOUNT,AMT,,RF_SEC_AMOUNT,SecAmount,NULL,FALSE,NULL,,,,,,,,,,,,,,,,,,,,,,,,,,,,,
FLD_BANK_IS_CONNECTED_PAYMENT,BOOL,,RF_IS_CONNECTED_PAYMENT,IsConnectedPayment,NULL,FALSE,NULL,,,,,,,,,,,,,,,,,,,,,,,,,,,,,
FLD_BANK_VOID_AMOUNT,AMT,,RF_VOID_AMOUNT,VoidAmount,NULL,FALSE,NULL,,,,,,,,,,,,,,,,,,,,,,,,,,,,,
FLD_BANK_SETTLE_AMOUNT,AMT,,RF_SETTLE_AMOUNT,SettleAmount,NULL,FALSE,NULL,,,,,,,,,,,,,,,,,,,,,,,,,,,,,
FLD_BANK_PAYMT_GATEWAY,STR,,RF_PAYMT_GATEWAY,PaymentGateway,NULL,FALSE,NULL,,,,,,,,,,,,,,,,,,,,,,,,,,,,,
FLD_BANK_IS_SPLIT,BOOL,,RF_IS_SPLIT,IsSplit,NULL,FALSE,NULL,,,,,,,,,,,,,,,,,,,,,,,,,,,,,
FLD_BANK_SECONDARY_STATUS,SYSID,,RF_SECONDARY_STATUS,SecondaryStatus,NULL,FALSE,NULL,,,,,,,,,,,,,,,,,,,,,,,,,,,,,
FLD_BANK_TRANS_NAME,STR,,RF_TRANS_NAME,Transaction Name,NULL,FALSE,NULL,,,,,,,,,,,,,,,,,,,,,,,,,,,,,
FLD_BANK_MICR_CODE,STR,,RF_EMP_MICR_CODE,MICR Code,NULL,FALSE,NULL,,,,,,,,,,,,,,,,,,,,,,,,,,,,,
FLD_BANK_ACC_TYPE,STR,,RF_ACCOUNTTYPE,Account Type,NULL,FALSE,NULL,,,,,,,,,,,,,,,,,,,,,,,,,,,,,
FLD_BANK_BEN_CODE,STR,,RF_BEN_CODE,Beneficiary Code,NULL,FALSE,NULL,,,,,,,,,,,,,,,,,,,,,,,,,,,,,
FLD_BANK_DELI_MODE,STR,,RF_DELI_MODE,Delivery Mode,NULL,FALSE,NULL,,,,,,,,,,,,,,,,,,,,,,,,,,,,,
FLD_BANK_DELI_TO,STR,,RF_DELI_TO,Delivery To,NULL,FALSE,NULL,,,,,,,,,,,,,,,,,,,,,,,,,,,,,
FLD_BANK_BANK_LOC,STR,,RF_BANK_LOC,Bank Location,NULL,FALSE,NULL,,,,,,,,,,,,,,,,,,,,,,,,,,,,,
FLD_BANK_CITY,STR,,RF_CITY,City,NULL,FALSE,NULL,,,,,,,,,,,,,,,,,,,,,,,,,,,,,
FLD_BANK_PRINT_LOC,STR,,RF_PRINT_LOC,Print Location,NULL,FALSE,NULL,,,,,,,,,,,,,,,,,,,,,,,,,,,,,
FLD_BANK_PAY_LOC,STR,,RF_PAY_LOC,Payable Location,NULL,FALSE,NULL,,,,,,,,,,,,,,,,,,,,,,,,,,,,,
FLD_BANK_TRANS_MODE,STR,,RF_TRANS_MODE,Transfer Mode,NULL,FALSE,NULL,,,,,,,,,,,,,,,,,,,,,,,,,,,,,
FLD_BANK_E_MAIL,STR,,RF_EMAIL,EMail,NULL,FALSE,NULL,,,,,,,,,,,,,,,,,,,,,,,,,,,,,
FLD_BANK_BANK_EMP_NAME,MSTID,,RF_BANK_EMP_NAME,Bank Employee Name,NULL,FALSE,NULL,OBJ_CSTCTR,,,,,,,,,,,,,,,,,,,,,,,,,,,,
FLD_BANK_PARTY_NAME,MSTID,,RF_BANK_PARTY_NAME,Bank Party Name,NULL,FALSE,NULL,OBJ_LEDGER,,,,,,,,,,,,,,,,,,,,,,,,,,,,
FLD_BANK_PAY_ADVICE_STATUS,STR,,RF_PAY_ADVICE_STATUS,PymtAdviceStatus,NULL,FALSE,NULL,,,,,,,,,,,,,,,,,,,,,,,,,,,,,
FLD_BANK_BRS_GROUP_ID,STR,,RF_BRS_GROUP_ID,BRSGroupID,NULL,FALSE,NULL,,,,,,,,,,,,,,,,,,,,,,,,,,,,,
FLD_BANK_LOCAL_BANK_CH,STR,,RF_LOCAL_BANK_CH,LocalBankCharges,NULL,FALSE,NULL,,,,,,,,,,,,,,,,,,,,,,,,,,,,,
FLD_BANK_BEN_BANK_CH,STR,,RF_BEN_BANK_CH,BeneficiaryBankCharges,NULL,FALSE,NULL,,,,,,,,,,,,,,,,,,,,,,,,,,,,,
FLD_BANK_TRANS_ID,STR,,RF_TRANSACTION_ID,TransactionId,NULL,FALSE,NULL,,,,,,,,,,,,,,,,,,,,,,,,,,,,,
FLD_BANK_IMB_CODE,STR,,RF_IMB_CODE,IMBCode,NULL,FALSE,NULL,,,,,,,,,,,,,,,,,,,,,,,,,,,,,
FLD_BANK_CLR_BANK_CODE,STR,,RF_CLR_BANK_CODE,ClearingBankCode,NULL,FALSE,NULL,,,,,,,,,,,,,,,,,,,,,,,,,,,,,
FLD_BANK_DR_BANK_CODE,STR,,RF_DR_BANK_CODE,DraweeBankCode,NULL,FALSE,NULL,,,,,,,,,,,,,,,,,,,,,,,,,,,,,
FLD_BANK_IS_CONTRACT_USED,BOOL,,RF_IS_CONTRACT_USED,IsContractUsed,NULL,FALSE,NULL,,,,,,,,,,,,,,,,,,,,,,,,,,,,,
FLD_BANK_PRINT_LOC_CODE,STR,,RF_PRINT_LOC_CODE,PrintLocationCode,NULL,FALSE,NULL,,,,,,,,,,,,,,,,,,,,,,,,,,,,,
FLD_BANK_PAY_LOC_CODE,STR,,RF_PAY_LOC_CODE,PayableLocationCode,NULL,FALSE,NULL,,,,,,,,,,,,,,,,,,,,,,,,,,,,,
FLD_BANK_CONTRACT_DETAILS,AGGR,,RF_CONTRACT_DETAILS,ContractDetails,NULL,TRUE,OBJ_CONTRACT_DETAILS,,,,,,,,,,,,,,,,,,,,,,,,,,,,,
FLD_BANK_PDC_ACTUAL_DATE,DATE,,RF_PDC_ACTUAL_DATE,PDCActualDate,NULL,FALSE,NULL,,,,,,,,,,,,,,,,,,,,,,,,,,,,,
FLD_BANK_PDC_REMARKS,STR,,RF_PDC_REMARKS,PDCRemarks,NULL,FALSE,NULL,,,,,,,,,,,,,,,,,,,,,,,,,,,,,
FLD_BANK_SET_ID,STR,,RF_SET_ID,SetId,NULL,FALSE,NULL,,,,,,,,,,,,,,,,,,,,,,,,,,,,,
FLD_BANK_BANK_REFERENCE,STR,,RF_BANK_REFERENCE,BankReference,NULL,FALSE,NULL,,,,,,,,,,,,,,,,,,,,,,,,,,,,,
FLD_BANK_TRANSACTION_DIGEST,STR,,RF_TRANSACTION_DIGEST,TransactionDigest,NULL,FALSE,NULL,,,,,,,,,,,,,,,,,,,,,,,,,,,,,
FLD_BANK_ERROR_CODE,STR,,RF_ERROR_CODE,ErrorCode,NULL,FALSE,NULL,,,,,,,,,,,,,,,,,,,,,,,,,,,,,
FLD_BANK_IS_ACCEPTED_WITH_WARNING,BOOL,,RF_IS_ACCEPTED_WITH_WARNING,IsAcceptedWithWarning,NULL,FALSE,NULL,,,,,,,,,,,,,,,,,,,,,,,,,,,,,
FLD_BANK_TRANS_INDEX,STR,,RF_TRANS_INDEX,TransactionIndex,NULL,FALSE,NULL,,,,,,,,,,,,,,,,,,,,,,,,,,,,,"// Computed method to store concatenation of set id and transaction id, to index transaction on this method"
FLD_BANK_RESERVATION_STATUS,STR,,RF_RESERVATION_STATUS,ReservationStatus,NULL,FALSE,NULL,,,,,,,,,,,,,,,,,,,,,,,,,,,,,
FLD_BANK_BANK_ID,STR,,RF_BANK_ID,BankID,NULL,FALSE,NULL,,,,,,,,,,,,,,,,,,,,,,,,,,,,,
FLD_BANK_IS_TRANS_FORCED,BOOL,,RF_IS_TRANS_FORCED,IsTransForced,NULL,FALSE,NULL,,,,,,,,,,,,,,,,,,,,,,,,,,,,,
FLD_BANK_BANK_STATUS_INFO,AGGR,,RF_BANK_STATUS_INFO,BankStatusInfo,NULL,TRUE,OBJ_BANK_STATUS_INFO,,,,,,,,,,,,,,,,,,,,,,,,,,,,,
,,,,,,,,,,,,,,,,,,,,,,,,,,,,,,,,,,,,
[XBRL_DETAIL: XBRLDetail,, FALSE, FALSE, FALSE, FALSE,,,,,,,,,,,,,,,],,,,,,,,,,,,,,,,
,,,,,,,,,,,,,,,,,,,,,,,,,,,,,,,,,,,,
FLD_LED_CNOTE_FROM_DATE,DATE,,RF_FROM_DATE,FromDate,NULL,FALSE,NULL,,,,,,,,,,,,,,,,,,,,,,,,,,,,,
FLD_LED_CNOTE_TO_DATE,DATE,,RF_TO_DATE,ToDate,NULL,FALSE,NULL,,,,,,,,,,,,,,,,,,,,,,,,,,,,,
FLD_LED_CNOTE_GRP,STR,,RF_CNOTE_GROUP,XBRLGroup,NULL,FALSE,NULL,,,,,,,,,,,,,,,,,,,,,,,,,,,,,
FLD_LED_CNOTE_SUNDRY_DEBT_CAT,STR,,RF_SUNDRY_DEBT_CAT,SundryDebtorCategory,NULL,FALSE,NULL,,,,,,,,,,,,,,,,,,,,,,,,,,,,,
FLD_LED_CNOTE_RECV_AMT,AMT,,RF_RECV_AMOUNT,ReceivableAmount,NULL,FALSE,NULL,,,,,,,,,,,,,,,,,,,,,,,,,,,,,
FLD_LED_CNOTE_PREV_YR_AMOUNT,AMT,,RF_PREV_YR_AMOUNT,PrevYearAmount,NULL,FALSE,NULL,,,,,,,,,,,,,,,,,,,,,,,,,,,,,
FLD_LED_CNOTE_LONG_TERM_AMT,AMT,,RF_LONG_TERM_AMT,LongTermAmount,NULL,FALSE,NULL,,,,,,,,,,,,,,,,,,,,,,,,,,,,,
FLD_LED_CNOTE_SHORT_TERM_AMT,AMT,,RF_SHORT_TERM_AMT,ShortTermAmount,NULL,FALSE,NULL,,,,,,,,,,,,,,,,,,,,,,,,,,,,,
FLD_LED_CNOTE_IS_REVISED,BOOL,,RF_IS_REVISED,IsRevised,NULL,FALSE,NULL,,,,,,,,,,,,,,,,,,,,,,,,,,,,,
,,,,,,,,,,,,,,,,,,,,,,,,,,,,,,,,,,,,
[AUDIT_DETAILS:AuditDetails,, FALSE, FALSE, FALSE, FALSE,,,,,,,,,,,,,,,],,,,,,,,,,,,,,,,
FLD_ADT_PERIOD_FROM,DATE,,RF_AUDIT_PERIOD_FROM,AuditPeriodFrom, NULL, FALSE, NULL                                                                             ,,,,,,,,,,,,,,,,,,,,,,,,,,,,,
FLD_ADT_IS_GRP_LOAN_RCPT,BOOL,,RF_IS_GRP_LOAN_RCPT,IsGroupForLoanRcpt, NULL, FALSE, NULL                                                                             ,,,,,,,,,,,,,,,,,,,,,,,,,,,,,
FLD_ADT_IS_GRP_LOAN_PYMNT,BOOL,,RF_IS_GRP_LOAN_PYMNT,IsGroupForLoanPymnt, NULL, FALSE, NULL                                                                             ,,,,,,,,,,,,,,,,,,,,,,,,,,,,,
FLD_ADT_SAMPLG_MTHD,SYSID,,RF_SAMPLING_MTHD, SamplingMethod, NULL, FALSE, NULL                                                               ,,,,,,,,,,,,,,,,,,,,,,,,,,,,,
FLD_ADT_SAMPLG_STR_ONE_FACTOR,SYSID,,RF_SAMPLG_STR_ONE_FACTOR, SamplingStrOneFactor, NULL, FALSE, NULL                                                               ,,,,,,,,,,,,,,,,,,,,,,,,,,,,,
FLD_ADT_SAMPLG_AMT_ONE_FACTOR,AMT,,RF_SAMPLG_AMT_ONE_FACTOR, SamplingAmtOneFactor, NULL, FALSE, NULL                                                               ,,,,,,,,,,,,,,,,,,,,,,,,,,,,,
FLD_ADT_SAMPLG_AMT_TWO_FACTOR,AMT,,RF_SAMPLG_AMT_TWO_FACTOR, SamplingAmtTwoFactor, NULL, FALSE, NULL                                                               ,,,,,,,,,,,,,,,,,,,,,,,,,,,,,
FLD_ADT_SAMPLG_NUM_ONE_FACTOR,NUM,,RF_SAMPLG_NUM_ONE_FACTOR, SamplingNumOneFactor, NULL, FALSE, NULL                                                               ,,,,,,,,,,,,,,,,,,,,,,,,,,,,,
FLD_ADT_SAMPLG_NUM_TWO_FACTOR,NUM,,RF_SAMPLG_NUM_TWO_FACTOR, SamplingNumTwoFactor, NULL, FALSE, NULL                                                               ,,,,,,,,,,,,,,,,,,,,,,,,,,,,,
FLD_ADT_SAMPLG_DATE_ONE_FACTOR,DATE,,RF_SAMPLG_DATE_ONE_FACTOR, SamplingDateOneFactor, NULL, FALSE, NULL                                                               ,,,,,,,,,,,,,,,,,,,,,,,,,,,,,
FLD_ADT_SAMPLG_DATE_TWO_FACTOR,DATE,,RF_SAMPLG_DATE_TWO_FACTOR, SamplingDateTwoFactor, NULL, FALSE, NULL                                                               ,,,,,,,,,,,,,,,,,,,,,,,,,,,,,
FLD_ADT_BUSINESS_TYPE,SYSID,,RF_BIZ_TYPE,BusinessType, NULL, FALSE, NULL                                                               ,,,,,,,,,,,,,,,,,,,,,,,,,,,,,
FLD_ADT_MSME_REG_NUM,STR,,RF_MSME_REG_NUM,MSMERegNumber, NULL, FALSE, NULL                                                               ,,,,,,,,,,,,,,,,,,,,,,,,,,,,,
FLD_ADT_IS_RELATED_PARTY,BOOL,,RF_IS_RELATED_PARTY,IsRelatedParty, NULL, FALSE, NULL                                                               ,,,,,,,,,,,,,,,,,,,,,,,,,,,,,
FLD_ADT_IS_PERIODIC_LEDGER,BOOL,,RF_IS_PERIODIC_LEDGER,IsPeriodicLedger, NULL, FALSE, NULL                                                               ,,,,,,,,,,,,,,,,,,,,,,,,,,,,,
FLD_ADT_IS_RELATION_TYPE,STR,,RF_RELATION_TYPE, RelationType, NULL, FALSE, NULL                                                               ,,,,,,,,,,,,,,,,,,,,,,,,,,,,,
FLD_LED_IS_CLAUSE_17_APP,BOOL,,RF_IS_CLAUSE_17_APP,IsClause17Applicable,NULL,FALSE,NULL,,,,,,,,,,,,,,,,,,,,,,,,,,,,,
,,,,,,,,,,,,,,,,,,,,,,,,,,,,,,,,,,,,
[SCH_VI_DETAILS: SchVIDetails,, FALSE, FALSE, FALSE, FALSE,,,,,,,,,,,,,,,],,,,,,,,,,,,,,,,
,,,,,,,,,,,,,,,,,,,,,,,,,,,,,,,,,,,,
FLD_SCHVI_PERIOD_FROM,DATE,,RF_PERIOD_FROM,PeriodFrom, NULL, FALSE, NULL                                                                             ,,,,,,,,,,,,,,,,,,,,,,,,,,,,,
FLD_SCHVI_BALANCING_TYPE,SYSID,,RF_BALANCING_TYPE,BalancingType, NULL, FALSE, NULL                                                               ,,,,,,,,,,,,,,,,,,,,,,,,,,,,,
FLD_SCHVI_DEF_DEBIT_PARENT,MSTID,,RF_DEF_DEBIT_PARENT,DefaultDebitParent, NULL, FALSE, NULL                                                               ,OBJ_GROUP,,,,,,,,,,,,,,,,,,,,,,,,,,,,
FLD_SCHVI_DEF_CREDIT_PARENT,MSTID,,RF_DEF_CREDIT_PARENT,DefaultCreditParent, NULL, FALSE, NULL                                                               ,OBJ_GROUP,,,,,,,,,,,,,,,,,,,,,,,,,,,,
FLD_SCHVI_DEBIT_PARENT,STR,,RF_SCHVI_DEBIT_PARENT,SchVIDebitParent, NULL, FALSE, NULL                                                               ,,,,,,,,,,,,,,,,,,,,,,,,,,,,,
FLD_SCHVI_CREDIT_PARENT,STR,,RF_SCHVI_CREDIT_PARENT,SchVICreditParent, NULL, FALSE, NULL                                                               ,,,,,,,,,,,,,,,,,,,,,,,,,,,,,
FLD_SCHVI_PARENT,STR,,RF_SCHVI_PARENT,SchVIParent, NULL, FALSE, NULL                                                               ,,,,,,,,,,,,,,,,,,,,,,,,,,,,,
FLD_SCHVI_ENTRIES,AGGR,,RF_SCHVI_ENTRIES,SchVIEntries,NULL,TRUE,OBJ_SCHVI_ENTRIES,,,,,,,,,,,,,,,,,,,,,,,,,,,,,
,,,,,,,,,,,,,,,,,,,,,,,,,,,,,,,,,,,,
[SCHVI_ENTRIES:SchVIEntries,,FALSE,FALSE,FALSE,FALSE,,,,,,,,,,,,,,,],,,,,,,,,,,,,,,,
FLD_SCHVI_ENTRIES_AMT,AMT,,RF_SCHVI_ENTRIES_AMT,SchVIAmount,NULL,FALSE,NULL,,,,,,,,,,,,,,,,,,,,,,,,,,,,,
FLD_SCHVI_ENTRIES_PARENT,STR,,RF_SCHVI_PARENT,SchVIParent,NULL,FALSE,NULL,,,,,,,,,,,,,,,,,,,,,,,,,,,,,
,,,,,,,,,,,,,,,,,,,,,,,,,,,,,,,,,,,,
[ACC_AUDIT_ENTRIES:AccountAudit Entries,,FALSE,FALSE,FALSE,FALSE,FALSE,RF_AUDIT_NAME,RF_AUDIT_TYPE,,,,,,,,,,,,],,,,,,,,,,,,,,,,
FLD_VCH_ACC_AUDIT_NAME,SYSID,,RF_AUDIT_NAME,AuditName, NULL, FALSE, NULL,,,,,,,,,,,,,,,,,,,,,,,,,,,,,
FLD_VCH_ACC_AUDIT_TYPE,SYSID,,RF_AUDIT_TYPE,AuditType, NULL, FALSE, NULL,,,,,,,,,,,,,,,,,,,,,,,,,,,,,
FLD_VCH_ACC_AUDITED_BY,STR,,RF_AUDIT_AUDITED_BY,AuditedBy, NULL, FALSE, NULL,,,,,,,,,,,,,,,,,,,,,,,,,,,,,
FLD_VCH_ACC_AUDIT_DATE,DATE,,RF_AUDIT_DATE,AuditDate, NULL, FALSE, NULL,,,,,,,,,,,,,,,,,,,,,,,,,,,,,
FLD_VCH_ACC_AUDIT_TIME,STR,,RF_AUDIT_TIME,AuditTime, NULL, FALSE, NULL,,,,,,,,,,,,,,,,,,,,,,,,,,,,,
FLD_VCH_ACC_AUDIT_STATUS,SYSID,,RF_AUDIT_STATUS,AuditStatus, NULL, FALSE, NULL,,,,,,,,,,,,,,,,,,,,,,,,,,,,,
FLD_VCH_ACC_AUDIT_AMOUNT,AMT,,RF_AUDIT_AMOUNT,AuditAmount, NULL, FALSE, NULL,,,,,,,,,,,,,,,,,,,,,,,,,,,,,
FLD_VCH_ACC_AUDIT_NOTE,STR,,RF_AUDIT_NOTE,AuditNote, NULL, FALSE, NULL,,,,,,,,,,,,,,,,,,,,,,,,,,,,,
FLD_VCH_ACC_AUDIT_CLRIFICATN,STR,,RF_AUDIT_CLRIFICATN,AuditClarification, NULL, FALSE, NULL,,,,,,,,,,,,,,,,,,,,,,,,,,,,,
FLD_VCH_ACC_AUDIT_ADDL_INFO,STR,,RF_AUDIT_ADDL_INFO,AuditAddlInfo, NULL, FALSE, NULL,,,,,,,,,,,,,,,,,,,,,,,,,,,,,
FLD_VCH_ACC_AUDIT_ANNEX_STATUS,SYSID,,RF_AUDIT_ANNEX_STATUS,AnnexureStatus,NULL,TRUE,NULL,,,,,,,,,,,,,,,,,,,,,,,,,,,,,
FLD_VCH_ACC_ADT_PERIOD_FROM,DATE,,RF_AUDIT_PERIOD_FROM,AuditPeriodFrom, NULL, FALSE, NULL                                                                             ,,,,,,,,,,,,,,,,,,,,,,,,,,,,,
FLD_VCH_ACC_AUDIT_CATEGORY,STR,,RF_AUDIT_CATEGORY,AuditCategory,NULL,FALSE,NULL,,,,,,,,,,,,,,,,,,,,,,,,,,,,,
FLD_VCH_ACC_AUDIT_PRIORITY,SYSID,,RF_AUDIT_PRIORITY,AuditPriority,NULL,FALSE,NULL,,,,,,,,,,,,,,,,,,,,,,,,,,,,,
FLD_VCH_ACC_AUDIT_CLRIFICATN_FROM,STR,,RF_CLRIFICATN_FROM,AuditClarificationFrom,NULL,FALSE,NULL,,,,,,,,,,,,,,,,,,,,,,,,,,,,,
FLD_VCH_ACC_INT_ID, LONG,,RF_ACC_INT_ID,UserAccId,NULL,FALSE,NULL,,,,,,,,,,,,,,,,,,,,,,,,,,,,,
,,,,,,,,,,,,,,,,,,,,,,,,,,,,,,,,,,,,
[CONTRACT_DETAILS: ContractDetails,,FALSE,FALSE,FALSE,FALSE,FALSE,,,,,,,],,,,,,,,,,,,,,,,,,,,,,,
FLD_BANK_CONTRACT_NUM,STR,,RF_CONTRACT_NUM,ContractNumber,NULL,FALSE,NULL,,,,,,,,,,,,,,,,,,,,,,,,,,,,,
FLD_BANK_EXCHANGE_RATE,AMT,,RF_EXCH_RATE,ExchangeRate,NULL,FALSE,NULL,,,,,,,,,,,,,,,,,,,,,,,,,,,,,
FLD_BANK_DEALER_NAME,STR,,RF_DEALER_NAME,DealerName,NULL,FALSE,NULL,,,,,,,,,,,,,,,,,,,,,,,,,,,,,
FLD_BANK_MATURITY_DATE,DATE,,RF_MATURITY_DATE,MaturityDate,NULL,FALSE,NULL,,,,,,,,,,,,,,,,,,,,,,,,,,,,,
FLD_BANK_CONT_AMOUNT,AMT,,RF_AMOUNT,Amount,NULL,FALSE,NULL,,,,,,,,,,,,,,,,,,,,,,,,,,,,,
FLD_BANK_BASE_CURR_RATE,RATEX,,RF_BASE_CURR_RATE,BaseCurrencyRate,NULL,FALSE,NULL,,,,,,,,,,,,,,,,,,,,,,,,,,,,,
,,,,,,,,,,,,,,,,,,,,,,,,,,,,,,,,,,,,
[SYNC_DELETION_DETAILS:SyncDeletionDetails,,FALSE,FALSE,FALSE,FALSE,FALSE,NULL,,,,,,,,,,,,,,,,,,,,,,,,,,,,,
FLD_SYNC_DEL_OBJ_TYPE,STR,,RF_SYNC_DEL_OBJ_TYPE,SyncDelObjType,NULL,FALSE,NULL,,,,,,,,,,,,,,,,,,,,,,,,,,,,,
FLD_SYNC_DEL_OBJ_NAME,STR,,RF_SYNC_DEL_OBJ_NAME,SyncDelObjName,NULL,FALSE,NULL,,,,,,,,,,,,,,,,,,,,,,,,,,,,,
FLD_SYNC_DEL_OBJ_ID,LONG,,RF_SYNC_DEL_OBJ_ID,SyncDelObjId,NULL,FALSE,NULL,,,,,,,,,,,,,,,,,,,,,,,,,,,,,
FLD_SYNC_DEL_OBJ_ALTID,LONG,,RF_SYNC_DEL_OBJ_ALTID,SyncDelObjAltId,NULL,FALSE,NULL,,,,,,,,,,,,,,,,,,,,,,,,,,,,,
FLD_SYNC_DEL_OBJ_REMOTEID,STR,,RF_SYNC_DEL_OBJ_REMOTEID,SyncDelObjRemoteId,NULL,FALSE,NULL,,,,,,,,,,,,,,,,,,,,,,,,,,,,,
,,,,,,,,,,,,,,,,,,,,,,,,,,,,,,,,,,,,
,,,,,,,,,,,,,,,,,,,,,,,,,,,,,,,,,,,,
[SUMMARY_ALLOCS:SummaryAllocs,,FALSE,FALSE,FALSE,FALSE                                                                                                                                     ,FALSE, ,,,,,,],,,,,,,,,,,,,,,,,,,,,,,
FLD_SUM_LNKMST_ID, LNKMSTID,, RF_NAME, Name, NULL, FALSE,NULL,OBJ_RETURN_LINK_MASTER,,,,,,,,,,,,,,,,,,,,,,,,,,,, //    internal identifier    (set during filing ONLY)
FLD_SUM_PAYABLE_AMT,AMT,,RF_IT_PAYABLE_AMT,PayableAmount, NULL, FALSE                                                                   ,NULL,,,,,,,,,,,,,,,,,,,,,,,,,,,,,
FLD_SUM_PAID_AMT,AMT,,RF_PAID_AMOUNT,PaidAmount, NULL, FALSE                                                                   ,NULL,,,,,,,,,,,,,,,,,,,,,,,,,,,,,
FLD_SUMM_FROM_DATE,DATE,,RF_FROM_DATE,FromDate,NULL,FALSE,NULL,,,,,,,,,,,,,,,,,,,,,,,,,,,,,
FLD_SUMM_TO_DATE,DATE,,RF_TO_DATE,ToDate,NULL,FALSE,NULL,,,,,,,,,,,,,,,,,,,,,,,,,,,,,
FLD_SUM_TDS_SECTION_NO,STR,,RF_TDS_SEC_NO,TdsSectionNo,NULL,FALSE,NULL,,,,,,,,,,,,,,,,,,,,,,,,,,,,,
FLD_SUM_TDS_DEDN_STATUS,STR,,RF_TDS_DEDN_STATUS,TDSDednStatus,NULL,FALSE,NULL,,,,,,,,,,,,,,,,,,,,,,,,,,,,,
FLD_SUM_TDS_RESIDENTIAL_STATUS,STR,,RF_SUM_TDS_RESIDENTIAL_STATUS,TdsResidentialStatus,NULL,FALSE,NULL,,,,,,,,,,,,,,,,,,,,,,,,,,,,,
FLD_SUM_TDS_NATURE_OF_PYMT,STR,,RF_TDS_NATURE_OF_PYMT,TdsNatureOfPayment,NULL,FALSE,NULL,,,,,,,,,,,,,,,,,,,,,,,,,,,,,
FLD_SUM_TAX_BANK_CHALLAN_NUM,STR,,RF_TAX_CHALLAN_NUM,TaxBankChallanNumber,NULL,FALSE,NULL,,,,,,,,,,,,,,,,,,,,,,,,,,,,,
FLD_SUM_TAX_CHALLAN_BSR_CODE,STR,,RF_TAX_CHALLAN_BSR_CODE,TaxChallanBSRCode,NULL,FALSE,NULL,,,,,,,,,,,,,,,,,,,,,,,,,,,,,
FLD_SUM_TAX_CHQ_NUM,STR,,RF_TAX_CHQ_NUMBER,TaxChequeNumber,NULL,FALSE,NULL,,,,,,,,,,,,,,,,,,,,,,,,,,,,,
FLD_SUM_TAX_BANK_NAME,STR,,RF_TAX_BANK_NAME,TaxBankName,NULL,FALSE,NULL,,,,,,,,,,,,,,,,,,,,,,,,,,,,,
FLD_SUM_TAX_CHQ_DATE,DATE,,RF_TAX_CHEQUE_DATE,TaxChequeDate,NULL,FALSE,NULL,,,,,,,,,,,,,,,,,,,,,,,,,,,,,
FLD_SUM_TAX_CHALLAN_DATE,DATE,,RF_TAX_CHALLAN_DATE,TaxChallanDate,NULL,FALSE,NULL,,,,,,,,,,,,,,,,,,,,,,,,,,,,,
FLD_SUMM_TAX_TYPE,SYSID,,RF_TAX_TYPE,TaxType, NULL, FALSE, NULL,,,,,,,,,,,,,,,,,,,,,,,,,,,,,
FLD_SUMM_FORM_TYPE,STR,,RF_FORM_TYPE,FormType, NULL, FALSE, NULL,,,,,,,,,,,,,,,,,,,,,,,,,,,,,
FLD_SUMM_STATE_NAME,SYSID,,RF_STATE_NAME,StateName,NULL,FALSE,NULL,,,,,,,,,,,,,,,,,,,,,,,,,,,,,
FLD_SUMM_GODOWN_NAME,MSTID,,RF_BATCH_GDWN_NAME,GodownName,NULL,FALSE,NULL,OBJ_GODOWN,,,,,,,,,,,,,,,,,,,,,,,,,,,,
FLD_SUMM_TAX_UNIT,MSTID,,RF_TAX_UNIT,TaxUnit,NULL,FALSE,NULL,OBJ_TAX_UNIT,,,,,,,,,,,,,,,,,,,,,,,,,,,,
FLD_SUMM_PYMT_TYPE,SYSID,,RF_PYMT_TYPE,PaymentType,NULL,FALSE,NULL,,,,,,,,,,,,,,,,,,,,,,,,,,,,,
FLD_SUMM_TAX_BANK_BRANCH_NAME,STR,,RF_TAX_BANK_BRANCH_NAME,TaxBankBranchName,NULL,FALSE,NULL,,,,,,,,,,,,,,,,,,,,,,,,,,,,,
FLD_SUMM_SBC_PAYABLE_AMOUNT,AMT,,RF_SBC_PAYABLE_AMOUNT,SBCPayableAmount,NULL,FALSE,NULL,,,,,,,,,,,,,,,,,,,,,,,,,,,,,
FLD_SUMM_SBC_PAID_AMOUNT,AMT,,RF_SBC_PAID_AMOUNT,SBCPaidAmount,NULL,FALSE,NULL,,,,,,,,,,,,,,,,,,,,,,,,,,,,,
,,,,,,,,,,,,,,,,,,,,,,,,,,,,,,,,,,,,
[OBJ_TAX_CRC:TaxCrc,,FALSE,FALSE,FALSE,FALSE,FALSE,,,,,,,],,,,,,,,,,,,,,,,,,,,,,,
FLD_TAX_TYPE,SYSID,,NULL,NULL,NULL,FALSE,NULL,,,,,,,,,,,,,,,,,,,,,,,,,,,,,
FLD_OBJ_CRC,LONG,,NULL,NULL,NULL,FALSE,NULL,,,,,,,,,,,,,,,,,,,,,,,,,,,,,
,,,,,,,,,,,,,,,,,,,,,,,,,,,,,,,,,,,,
[INPUT_CR_ALLOCS:InputCrAllocs,,FALSE,FALSE,FALSE,FALSE                                                                                                                                     ,FALSE,RF_NAME,,,,,,],,,,,,,,,,,,,,,,,,,,,,,
,,,,,,,,,,,,,,,,,,,,,,,,,,,,,,,,,,,,
FLD_INCRALLOCS_LNKMST_ID,LNKMSTID,,RF_NAME,Name,NULL,FALSE,NULL,OBJ_INPUT_CR_LINK_MASTER,,,,,,,,,,,,,,,,,,,,,,,,,,,,
FLD_INCRALLOCS_DATE,DATE,,RF_INCR_ORIG_VCH_DATE,IncrOrigVchDate,NULL,FALSE,NULL,,,,,,,,,,,,,,,,,,,,,,,,,,,,,
FLD_INCRALLOCS_INVOICE_NUM,STR,,RF_INVOICE_NUM,InvoiceNumber, NULL, FALSE                                                               ,NULL,,,,,,,,,,,,,,,,,,,,,,,,,,,,,
FLD_INCRALLOCS_TAX_CLAIMABLE_AMT,AMT,,RF_INCR_TAX_CLAIMABLE_AMT,TaxClaimableAmt, NULL, FALSE                                                               ,NULL,,,,,,,,,,,,,,,,,,,,,,,,,,,,,
FLD_INCRALLOCS_TAX_CLAIMED_AMT,AMT,,RF_INCR_TAX_CLAIMED_AMT,TaxClaimedAmt, NULL, FALSE                                                               ,NULL,,,,,,,,,,,,,,,,,,,,,,,,,,,,,
FLD_INCRALLOCS_PROD_DATE,DATE,,RF_INCR_PROD_DATE,ProdDate, NULL, FALSE                                                               ,NULL,,,,,,,,,,,,,,,,,,,,,,,,,,,,,
FLD_INCRALLOCS_ORIG_ASSESS_VALUE,AMT,,RF_ORIG_ASSESS_VALUE,OrigAssessableValue, NULL, FALSE                                                               ,NULL,,,,,,,,,,,,,,,,,,,,,,,,,,,,,
FLD_INCRALLOCS_SUPPLIER_INV_NUM,STR,,RF_SUPPLIER_INV_NUM,SupplierInvoiceNumber, NULL, FALSE                                                               ,NULL,,,,,,,,,,,,,,,,,,,,,,,,,,,,,
FLD_INCRALLOCS_SUPPLIER_INV_DATE,DATE,,RF_SUPPLIER_INV_DATE,SupplierInvoiceDate, NULL, FALSE                                                               ,NULL,,,,,,,,,,,,,,,,,,,,,,,,,,,,,
FLD_INCRALLOCS_RATE_RATEOFVAT,NUM,,RF_RATE,RateOfVAT, NULL, FALSE                                                               ,NULL,,,,,,,,,,,,,,,,,,,,,,,,,,,,,
FLD_INCRALLOCS_PARTY_NAME,MSTID,,RF_PARTY_NAME,PartyName, NULL, FALSE,NULL,OBJ_LEDGER,,,,,,,,,,,,,,,,,,,,,,,,,,,,
FLD_INCRALLOCS_VAT_COMMODITY_NAME,STR,,RF_VAT_COMMODITY_NAME,VATCommodityName,NULL,FALSE,NULL,,,,,,,,,,,,,,,,,,,,,,,,,,,,,
FLD_INCRALLOCS_SCHEDULE,STR,,RF_VAT_RATE_SCHEDULE,Schedule,NULL,FALSE,NULL,,,,,,,,,,,,,,,,,,,,,,,,,,,,,
FLD_INCRALLOCS_SCHEDULE_SRNO,STR,,RF_SCHEDULE_SERIAL_NO,ScheduleSerialNumber,NULL,FALSE,NULL,,,,,,,,,,,,,,,,,,,,,,,,,,,,,
FLD_INCRALLOCS_VAT_COMMODITY_CODE,STR,,RF_VAT_COMMODITY_CODE,VATCommodityCode,NULL,FALSE,NULL,,,,,,,,,,,,,,,,,,,,,,,,,,,,,
FLD_INCRALLOCS_RATE_OF_SUB_TAX,NUM,,RF_RATE_OF_SUB_TAX,RateOfSubTax, NULL, FALSE                                                               ,NULL,,,,,,,,,,,,,,,,,,,,,,,,,,,,,
FLD_INCRALLOCS_SUB_TAX_CLAIMABLE_AMT,AMT,,RF_SUB_TAX_CLAIMABLE_AMT,SubTaxClaimableAmt, NULL, FALSE                                                               ,NULL,,,,,,,,,,,,,,,,,,,,,,,,,,,,,
FLD_INCRALLOCS_SUB_TAX_CLAIMED_AMT,AMT,,RF_SUB_TAX_CLAIMED_AMT,SubTaxClaimedAmt, NULL, FALSE                                                               ,NULL,,,,,,,,,,,,,,,,,,,,,,,,,,,,,
,,,,,,,,,,,,,,,,,,,,,,,,,,,,,,,,,,,,
[CST_RATE_DETAILS:CST Rate Details,,FALSE,FALSE,FALSE,FALSE,FALSE,,,,,,,],,,,,,,,,,,,,,,,,,,,,,,
FLD_CST_RATE_FROMDATE     ,DATE,,RF_FROM_DATE,FromDate ,NULL,FALSE,NULL,,,,,,,,,,,,,,,,,,,,,,,,,,,,,
FLD_CST_RATE,NUM,,RF_CST_RATE,RateOfCST,NULL,FALSE,NULL,,,,,,,,,,,,,,,,,,,,,,,,,,,,,
,,,,,,,,,,,,,,,,,,,,,,,,,,,,,,,,,,,,
[VAT_TRI_VAT_CLASSIF_DET: VatClassificationDet,,FALSE,FALSE,FALSE,FALSE,FALSE,,,,,,,],,,,,,,,,,,,,,,,,,,,,,,
FLD_VAT_TRI_VAT_CLASSIF_DET_STAT_CLASSIF_NAME,MSTID,,RF_VAT_STATCLASSIFNAME,StatClassificationName,NULL,FALSE,NULL,OBJ_VAT_CLASSIFICATION,,,,,,,,,,,,,,,,,,,,,,,,,,,,
FLD_VAT_TRI_VAT_CLASSIF_DET_FROM_DATE,DATE,,RF_FROM_DATE,Fromdate,NULL,FALSE,NULL,,,,,,,,,,,,,,,,,,,,,,,,,,,,,
FLD_VAT_TRI_VAT_CLASSIF_DET_STAT_NATURE_NAME,STR,,RF_VAT_STATNATURENAME,StatNatureName,NULL,FALSE,NULL,,,,,,,,,,,,,,,,,,,,,,,,,,,,,
FLD_VAT_TRI_VAT_CLASSIF_DET_BUSI_NATURE,STR,,RF_VCLS_TRI_BUIS_NATURE,BusinessNature,NULL,FALSE,NULL,,,,,,,,,,,,,,,,,,,,,,,,,,,,,
FLD_VAT_TRI_VAT_CLASSIF_DET_PARTY_ORG_TYPE,STR,,RF_VCLS_TRI_PARTY_ORG_TYPE,PartyOrgType,NULL,FALSE,NULL,,,,,,,,,,,,,,,,,,,,,,,,,,,,,
,,,,,,,,,,,,,,,,,,,,,,,,,,,,,,,,,,,,
[TDS_TRI_EXCLUDED_TAXATION:ExcludedTaxations,,FALSE,FALSE,FALSE,FALSE,FALSE,,,,,,,],,,,,,,,,,,,,,,,,,,,,,,
FLD_TDS_TRI_EXCL_TAXATION_TAX_TYPE,SYSID,,RF_TAX_TYPE,TaxType,NULL,FALSE,NULL,,,,,,,,,,,,,,,,,,,,,,,,,,,,,
FLD_TDS_TRI_EXCL_TAXATION_FORM_NAME,STR,,RF_FORM_NAME,FormName,NULL,FALSE,NULL,,,,,,,,,,,,,,,,,,,,,,,,,,,,,
,,,,,,,,,,,,,,,,,,,,,,,,,,,,,,,,,,,,
,,,,,,,,,,,,,,,,,,,,,,,,,,,,,,,,,,,,
[TDS_TRI_TDS_CATEGORY_DET:TDSCategoryDetails,,FALSE,FALSE,FALSE,FALSE,FALSE,RF_TDS_TRI_CAT_DET_TDS_CAT_DATE,,,,,,],,,,,,,,,,,,,,,,,,,,,,,
FLD_TDS_TRI_CAT_DET_TDS_CAT_DATE,DATE,,RF_TDS_TRI_CAT_DET_TDS_CAT_DATE,CategoryDate,NULL,FALSE,NULL,,,,,,,,,,,,,,,,,,,,,,,,,,,,,
FLD_TDS_TRI_CAT_DET_TDS_CAT_NAME,MSTID,,RF_CAT_NAME,CategoryName,NULL,FALSE,NULL,OBJ_TDS_RATE,,,,,,,,,,,,,,,,,,,,,,,,,,,,
,,,,,,,,,,,,,,,,,,,,,,,,,,,,,,,,,,,,
[VAT_ITEM_SLAB_RATES: VATItem SlabRates,,FALSE,FASLE,FALSE,FALSE,FALSE,,,,,,,],,,,,,,,,,,,,,,,,,,,,,,
FLD_VAT_ITEM_SLAB_RATES_TO_ITEM_RATE,NUM,,RF_TO_ITEM_RATE,ToItemRate,NULL,FALSE,NULL,,,,,,,,,,,,,,,,,,,,,,,,,,,,,
FLD_VAT_ITEM_SLAB_RATES_RATE_OF_VAT,NUM,,RF_RATE,RateOfVAT,NULL,FALSE,NULL,,,,,,,,,,,,,,,,,,,,,,,,,,,,,
FLD_VAT_ITEM_SLAB_RATES_TAX_RATE,SYSID,,RF_TAX_TYPE,TaxType,NULL,FALSE,NULL,,,,,,,,,,,,,,,,,,,,,,,,,,,,,
FLD_VAT_ITEM_SLAB_RATES_ADDITIONAL_TAX,NUM,,RF_ADDITIONAL_TAX,AdditionalTax,NULL,FALSE,NULL,,,,,,,,,,,,,,,,,,,,,,,,,,,,,
FLD_VAT_ITEM_SLAB_RATES_CESS_ON_VAT,NUM,,RF_CESS_ON_VAT,CessOnVAT,NULL,FALSE,NULL,,,,,,,,,,,,,,,,,,,,,,,,,,,,,
,,,,,,,,,,,,,,,,,,,,,,,,,,,,,,,,,,,,
[VAT_DETAILS: VatDetails,,FALSE,FASLE,FALSE,FALSE,FALSE,RF_FROM_DATE,,,,,,],,,,,,,,,,,,,,,,,,,,,,,
*INDIRECT,DATE,,RF_FRM_DATE,Frmdate,NULL,FALSE,NULL,,,,,,,,,,,,,,,,,,,,,,,,,,,,,// PD-5993
FLD_VAT_DETAILS_FROM_DATE,DATE,,RF_FROM_DATE,Fromdate,NULL,FALSE,NULL,,,,,,,,,,,,,,,,,,,,,,,,,,,,,
FLD_VAT_DETAILS_STAT_CLASSIFICATION_NAME,MSTID,,RF_VAT_STATCLASSIFNAME,StatClassificationName,NULL,FALSE,NULL,OBJ_VAT_CLASSIFICATION,,,,,,,,,,,,,,,,,,,,,,,,,,,,
FLD_VAT_DETAILS_VAT_COMMODITY_NAME,STR,,RF_VAT_COMMODITY_NAME,VATCommodityName,NULL,FALSE,NULL,,,,,,,,,,,,,,,,,,,,,,,,,,,,,
FLD_VAT_DETAILS_VAT_COMMODITY_CODE,STR,,RF_VAT_COMMODITY_CODE,VATCommodityCode,NULL,FALSE,NULL,,,,,,,,,,,,,,,,,,,,,,,,,,,,,
FLD_VAT_DETAILS_VAT_SUB_COMMODITY_CODE,STR,,RF_VAT_VATSUBCOMMODITYCODE,VATSubCommodityCode,NULL,FALSE,NULL,,,,,,,,,,,,,,,,,,,,,,,,,,,,,
FLD_VAT_DETAILS_GOODS_TYPE,STR,,RF_VAT_GOODSTYPE,GoodsType,NULL,FALSE,NULL,,,,,,,,,,,,,,,,,,,,,,,,,,,,,
FLD_VAT_DETAILS_GOODS_NATURE,STR,,RF_VAT_GOODSNATURE,GoodsNature,NULL,FALSE,NULL,,,,,,,,,,,,,,,,,,,,,,,,,,,,,
FLD_VAT_DETAILS_IS_INV_DETAILS_ENABLE,BOOL,,RF_VCLS_TRI_IS_INV_ALLOWED,IsInvDetailsEnable,NULL,FALSE,NULL,,,,,,,,,,,,,,,,,,,,,,,,,,,,,
FLD_VAT_DETAILS_SCHEDULE,STR,,RF_VAT_RATE_SCHEDULE,Schedule,NULL,FALSE,NULL,,,,,,,,,,,,,,,,,,,,,,,,,,,,,
FLD_VAT_DETAILS_TAX_RATE,NUM,,RF_RATE,RateOfVAT,NULL,FALSE,NULL,,,,,,,,,,,,,,,,,,,,,,,,,,,,,
FLD_VAT_DETAILS_TAX_TYPE,SYSID,,RF_TAX_TYPE,TaxType,NULL,FALSE,NULL,,,,,,,,,,,,,,,,,,,,,,,,,,,,,
FLD_VAT_DETAILS_SCHEDULE_SERIAL_NUMBER,STR,,RF_SCHEDULE_SERIAL_NO,ScheduleSerialNumber,NULL,FALSE,NULL,,,,,,,,,,,,,,,,,,,,,,,,,,,,,
FLD_VAT_DETAILS_ADDITIONAL_TAX,NUM,,RF_ADDITIONAL_TAX,AdditionalTax,NULL,FALSE,NULL,,,,,,,,,,,,,,,,,,,,,,,,,,,,,
FLD_VAT_DETAILS_CESS_ON_VAT,NUM,,RF_CESS_ON_VAT,CessOnVAT,NULL,FALSE,NULL,,,,,,,,,,,,,,,,,,,,,,,,,,,,,
FLD_VAT_DETAILS_STAT_NAT_NAME,STR,,RF_VAT_STATNATURENAME,StatNatureName,NULL,FALSE,NULL,,,,,,,,,,,,,,,,,,,,,,,,,,,,,
FLD_VAT_DETAILS_BUSINESS_NATURE,STR,,RF_VCLS_TRI_BUIS_NATURE,BusinessNature,NULL,FALSE,NULL,,,,,,,,,,,,,,,,,,,,,,,,,,,,,
FLD_VAT_DETAILS_PARTY_ORG_TYPE,STR,,RF_VCLS_TRI_PARTY_ORG_TYPE,PartyOrgType,NULL,FALSE,NULL,,,,,,,,,,,,,,,,,,,,,,,,,,,,,
FLD_VAT_DETAILS_CALCULATION_TYPE,SYSID,,RF_CALC_TYPE,CalculationType,NULL,FALSE,NULL,,,,,,,,,,,,,,,,,,,,,,,,,,,,,
FLD_VAT_DETAILS_IS_CALC_ON_ACTUAL_QTY,BOOL,,RF_IS_CALC_ON_ACTUAL_QTY,IsCalcOnActualQty,NULL,FALSE,NULL,,,,,,,,,,,,,,,,,,,,,,,,,,,,,
FLD_VAT_DETAILS_VAT_ITEM_SLAB_RATES,AGGR,,RF_VAT_ITEM_SLAB_RATES,VATItem SlabRates, NULL,TRUE,OBJ_VAT_ITEM_SLAB_RATES,,,,,,,,,,,,,,,,,,,,,,,,,,,,,
FLD_VAT_DETAILS_REPORTING_UOM,STR,,RF_REPORTING_UOM,ReportingUOM,NULL,FALSE,NULL,,,,,,,,,,,,,,,,,,,,,,,,,,,,,
FLD_VAT_DETAILS_VAT_TRADE_NAME,STR,,RF_VAT_TRADE_NAME,VATTradeName,NULL,FALSE,NULL,,,,,,,,,,,,,,,,,,,,,,,,,,,,,
FLD_VAT_DETAILS_VAT_MAJOR_COMMODITY_NAME,STR,,RF_VAT_MAJOR_COMMODITY_NAME,VATMajorCommodityName,NULL,FALSE,NULL,,,,,,,,,,,,,,,,,,,,,,,,,,,,,
FLD_VAT_DETAILS_LOCAL_RATE_OF_VAT,NUM,,RF_LOCAL_RATE_OF_VAT,LocalRateofVAT,NULL,FALSE,NULL,,,,,,,,,,,,,,,,,,,,,,,,,,,,,
FLD_VAT_DETAILS_LOCAL_ADDITIONAL_TAX_RATE,NUM,,RF_LOCAL_ADDITIONAL_TAX_RATE,LocalAdditionalTaxRate,NULL,FALSE,NULL,,,,,,,,,,,,,,,,,,,,,,,,,,,,,
FLD_VAT_DETAILS_LOCAL_CESS_ON_VAT,NUM,,RF_LOCAL_CESS_ON_VAT,LocalCessOnVAT,NULL,FALSE,NULL,,,,,,,,,,,,,,,,,,,,,,,,,,,,,
FLD_VAT_DETAILS_IS_IN_ZRBASIC_SERVICES,BOOL,,RF_IS_IN_ZRBASIC_SERVICES,IsInZRBasicServices,NULL,FALSE,NULL,,,,,,,,,,,,,,,,,,,,,,,,,,,,,
FLD_VAT_DETAILS_IS_REV_CHARGE_NOT_APPLICABLE,BOOL,,RF_IS_REV_CHARGE_NOT_APPLICABLE,IsRevChargeNotApplicable, NULL, FALSE, NULL,,,,,,,,,,,,,,,,,,,,,,,,,,,,,
,,,,,,,,,,,,,,,,,,,,,,,,,,,,,,,,,,,,
[SYNC_EXCEPTION_DETAILS:SyncExceptionDetails,,FALSE,FALSE,FALSE,FALSE,FALSE,NULL,,,,,,,,,,,,,,,,,,,,,,,,,,,,,
FLD_SYNC_EXP_OBJ_TYPE,STR,,RF_SYNC_EXP_OBJ_TYPE,SyncExpObjType,NULL,FALSE,NULL,,,,,,,,,,,,,,,,,,,,,,,,,,,,,
FLD_SYNC_EXP_OBJ_NAME,STR,,RF_SYNC_EXP_OBJ_NAME,SyncExpObjName,NULL,FALSE,NULL,,,,,,,,,,,,,,,,,,,,,,,,,,,,,
FLD_SYNC_EXP_OBJ_ERRMSG,STR,,RF_SYNC_EXP_OBJ_ERRMSG,SyncExpObjErrMsg,NULL,FALSE,NULL,,,,,,,,,,,,,,,,,,,,,,,,,,,,,
,,,,,,,,,,,,,,,,,,,,,,,,,,,,,,,,,,,,
[EXCISE_TARIF_DETAILS: Excise Tariff Details,,FALSE,FASLE,FALSE,FALSE,FALSE,RF_APP_PERIOD_FROM,,,,,,],,,,,,,,,,,,,,,,,,,,,,,
*INDIRECT,DATE,,RF_APP_PERIOD_FROM,ApplicableFrom,NULL,FALSE,NULL,,,,,,,,,,,,,,,,,,,,,,,,,,,,,
FLD_EXC_TARIFF_CLASSIFICATION_NAME,MSTID,,RF_EXCISE_CLASSIFICATION_NAME,ExciseClassificationName,NULL,FALSE,NULL,OBJ_TARIFF_CLASSIF,,,,,,,,,,,,,,,,,,,,,,,,,,,,
FLD_EXC_TARIFF_CODE,STR,,RF_TARIFF_CODE,TariffName,NULL,FALSE,NULL,,,,,,,,,,,,,,,,,,,,,,,,,,,,,
FLD_EXC_TARIFF_HSNCODE,STR,,RF_HSN_CODE,HSNCode,NULL,FALSE,NULL,,,,,,,,,,,,,,,,,,,,,,,,,,,,,
FLD_EXC_TARIFF_VALUATIONTYPE,SYSID,,RF_VALUATION_TYPE,ValuationType,NULL,FALSE,NULL,,,,,,,,,,,,,,,,,,,,,,,,,,,,,
FLD_EXC_TARIFF_ISNONDUTIABLE,BOOL,,RF_IS_NON_DUTIABLE,IsNonDutiable,NULL,FALSE,NULL,,,,,,,,,,,,,,,,,,,,,,,,,,,,,
FLD_EXC_TARIFF_REPORTINGUOM,STR,,RF_REPORTING_UOM,ReportingUOM,NULL,FALSE,NULL,,,,,,,,,,,,,,,,,,,,,,,,,,,,,
FLD_EXC_TARIFF_ISEXCISECALCULATEONMRP,BOOL,,RF_IS_EXCISE_CALCULATE_ON_MRP,IsExciseCalculateonMRP,NULL,FALSE,NULL,,,,,,,,,,,,,,,,,,,,,,,,,,,,,
FLD_EXC_TARIFF_ABATEMENTPERCENTAGE,NUM,,RF_ABTMNT_PRCNTGE,AbatementPercentage,NULL,FALSE,NULL,,,,,,,,,,,,,,,,,,,,,,,,,,,,,
FLD_EXC_TYP_OF_TARIFF,SYSID,,RF_TYP_OF_TARIFF,TypeOfTariff,NULL,FALSE,NULL,,,,,,,,,,,,,,,,,,,,,,,,,,,,,
FLD_EXC_TARIFF_DUTY_HEAD_DETAILS,AGGR,,RF_EXCISE_DUTY_HEAD_DETAILS,ExciseDutyHeadDetails, NULL,TRUE,OBJ_EXCISE_DUTY_HEAD_DETAILS,,,,,,,,,,,,,,,,,,,,,,,,,,,,,
,,,,,,,,,,,,,,,,,,,,,,,,,,,,,,,,,,,,
[EXCISE_DUTY_HEAD_DETAILS: Excise Duty Head Details,,FALSE,FASLE,FALSE,FALSE,FALSE, ,,,,,,],,,,,,,,,,,,,,,,,,,,,,,
FLD_EXC_DUTY_HED_DUTYHEAD,MSTID,,RF_DUTY_HEAD,DutyHead,NULL,FALSE,NULL,OBJ_EXCISEDUTYCLASSIF,,,,,,,,,,,,,,,,,,,,,,,,,,,,
FLD_EXC_DUTY_HED_VALUATIONTYPE,SYSID,,RF_VALUATION_TYPE,ValuationType,NULL,FALSE,NULL,,,,,,,,,,,,,,,,,,,,,,,,,,,,,
FLD_EXC_DUTY_HED_EXCISERATE,NUM,,RF_EXCISE_RATE,ExciseRate,NULL,FALSE,NULL,,,,,,,,,,,,,,,,,,,,,,,,,,,,,
FLD_EXC_DUTY_HED_CVDRATE,NUM,,RF_CVD_RATE,CVDRate,NULL,FALSE,NULL,,,,,,,,,,,,,,,,,,,,,,,,,,,,,
FLD_EXC_DUTY_HED_EXCISERATEPERUNIT,NUM,,RF_EXCISE_RATE_PER_UNIT,ExciseRateperUnit,NULL,FALSE,NULL,,,,,,,,,,,,,,,,,,,,,,,,,,,,,
FLD_EXC_DUTY_HED_CVDRATEPERUNIT,NUM,,RF_CVD_RATE_PER_UNIT,CVDRateperUnit,NULL,FALSE,NULL,,,,,,,,,,,,,,,,,,,,,,,,,,,,,
FLD_EXC_DUTY_HED_NOTIFICATIONNUMBER,STR,,RF_SERV_TAX_NOTIF_NUM,NotificationNumber,NULL,FALSE,NULL,,,,,,,,,,,,,,,,,,,,,,,,,,,,,
FLD_EXC_DUTY_HED_NOTIFICATIONSERIALNO,STR,,RF_NOTIFICATION_SERIAL,NotificationSerial,NULL,FALSE,NULL,,,,,,,,,,,,,,,,,,,,,,,,,,,,,
,,,,,,,,,,,,,,,,,,,,,,,,,,,,,,,,,,,,
[SERVICE_TAX_DETAILS:ServiceTaxDetails,,FALSE,FASLE,FALSE,FALSE,FALSE,RF_APP_PERIOD_FROM,,,,,,],,,,,,,,,,,,,,,,,,,,,,,
FLD_SERVICE_TAX_DET_APP_PERIOD_FROM,DATE,,RF_APP_PERIOD_FROM,ApplicableFrom,NULL,FALSE,NULL,,,,,,,,,,,,,,,,,,,,,,,,,,,,,
FLD_SERVICE_TAX_DET_SERVICE_CATEGORY,MSTID,,RF_SERV_TAX_NAME,ServiceCategory,NULL,FALSE,NULL,OBJ_ST_CATEGORY,,,,,,,,,,,,,,,,,,,,,,,,,,,,
FLD_SERVICE_TAX_DET_CAT_NAME,STR,,RF_CAT_NAME,CategoryName,NULL,FALSE,NULL,,,,,,,,,,,,,,,,,,,,,,,,,,,,,
FLD_SERVICE_TAX_DET_CATEGORY_CODE,STR,,RF_CATEGORY_CODE,Category Code,NULL,FALSE,NULL,,,,,,,,,,,,,,,,,,,,,,,,,,,,,
FLD_SERVICE_TAX_DET_STCAT_SUB_CLAUSE_NO,STR,,RF_STCAT_SUB_CLAUSE_NO,STSubClauseNo,NULL,FALSE,NULL,,,,,,,,,,,,,,,,,,,,,,,,,,,,,
FLD_SERVICE_TAX_DET_SERVICE_TAX_RATE,NUM,,RF_ST_RATE,Service Tax Rate,NULL,FALSE,NULL,,,,,,,,,,,,,,,,,,,,,,,,,,,,,
FLD_SERVICE_TAX_DET_CEST_RATE,NUM,,RF_CESS_RATE,CessRate,NULL,FALSE,NULL,,,,,,,,,,,,,,,,,,,,,,,,,,,,,
FLD_SERVICE_TAX_DET_SEC_CESS_RATE,NUM,,RF_SEC_CESS_RATE,SecondaryCessRate,NULL,FALSE,NULL,,,,,,,,,,,,,,,,,,,,,,,,,,,,,
FLD_SERVICE_TAX_DET_ABATEMENT_RATE,NUM,,RF_ABATEMENT_RATE,AbatementRate,NULL,FALSE,NULL,,,,,,,,,,,,,,,,,,,,,,,,,,,,,
FLD_SERVICE_TAX_DET_ABTMT_NOTIF_NO,STR,,RF_ABTMT_NOTIF_NO,AbtmtNotifNo,NULL,FALSE,NULL,,,,,,,,,,,,,,,,,,,,,,,,,,,,,
FLD_SERVICE_TAX_DET_ABTMT_NOTIF_SERIAL_NO,STR,,RF_ABTMT_NOTIF_SERIAL_NO,AbtmtNotifSlNo,NULL,FALSE,NULL,,,,,,,,,,,,,,,,,,,,,,,,,,,,,
FLD_SERVICE_TAX_DET_REV_CHARGE_RATE,NUM,,RF_REV_CHARGE_RATE,ReverseChargeRate,NULL,FALSE,NULL,,,,,,,,,,,,,,,,,,,,,,,,,,,,,
FLD_SERVICE_TAX_DET_REV_CHARGE_NOTIF_NUM,STR,,RF_REV_CHARGE_NOTIF_NUM,ReverseChargeNotifNo,NULL,FALSE,NULL,,,,,,,,,,,,,,,,,,,,,,,,,,,,,
FLD_SERVICE_TAX_DET_NATURE_OF_SERVICE,SYSID,,RF_NTUR_OF_SERVICE,NatureofService,NULL,FALSE,NULL,,,,,,,,,,,,,,,,,,,,,,,,,,,,,
FLD_SERVICE_TAX_DET_EXEMPT_NOTIF_NO,STR,,RF_EXEMPT_NOTIF_NO,ExemptNotifNo,NULL,FALSE,NULL,,,,,,,,,,,,,,,,,,,,,,,,,,,,,
FLD_SERVICE_TAX_DET_EXEMPT_NOTIF_SNO,STR,,RF_EXEMPT_NOTIF_SNO,ExemptNotifSlNo,NULL,FALSE,NULL,,,,,,,,,,,,,,,,,,,,,,,,,,,,,
FLD_SERVICE_TAX_DET_SERVICE_AMT,AMT,,RF_SERVICE_AMT,ServiceAmount,NULL,FALSE,NULL,,,,,,,,,,,,,,,,,,,,,,,,,,,,,
FLD_SERVICE_TAX_DET_EXPENSE_AMT,AMT,,RF_ST_EXPENSE_AMT,ExpenseAmount,NULL,FALSE,NULL,,,,,,,,,,,,,,,,,,,,,,,,,,,,,
FLD_SERVICE_TAX_DET_IS_NEG_LIST_SERV,BOOL,,RF_IS_NEG_LIST_SERV,IsNegativeListService,NULL,FALSE,NULL,,,,,,,,,,,,,,,,,,,,,,,,,,,,,
FLD_SERVICE_TAX_DET_USE_FOR_ISD,BOOL,,RF_USE_FOR_ISD,UseForISD,NULL,FALSE,NULL,,,,,,,,,,,,,,,,,,,,,,,,,,,,,
FLD_SERVICE_TAX_DET_IS_RECIPIENT_LIAB,BOOL,,RF_IS_RECIPIENT_LIAB,IsRecipientLiab,NULL,FALSE,NULL,,,,,,,,,,,,,,,,,,,,,,,,,,,,,
FLD_SERVICE_TAX_DET_IS_REVERSE_APP,BOOL,,RF_IS_REV_CHARGE_APPLICABLE,IsReverseApplicable,TV_FALSE,FALSE,NULL,,,,,,,,,,,,,,,,,,,,,,,,,,,,,
FLD_SERVICE_TAX_DET_REVERSE_CHARGE_NOTIF_SLNO,STR,,RF_REVERSE_CHARGE_NOTIF_SLNO,ReverseChargeNotifSlNo,NULL,FALSE,NULL,,,,,,,,,,,,,,,,,,,,,,,,,,,,,
FLD_SERVICE_TAX_DET_SWACH_BHARAT_CESS,NUM,,RF_SWACH_BHARAT_CESS,SwachBharatCess,NULL,FALSE,NULL,,,,,,,,,,,,,,,,,,,,,,,,,,,,,
FLD_SERVICE_TAX_DET_KRISHI_KALYAN_CESS,NUM,,RF_KRISHI_KALYAN_CESS,KrishiKalyanCess,NULL,FALSE,NULL,,,,,,,,,,,,,,,,,,,,,,,,,,,,,
FLD_SERVICE_TAX_DET_SERVICE_PARTY_NAME,STR,,RF_SERVICE_PARTY_NAME,ServicePartyName,NULL,FALSE,NULL,,,,,,,,,,,,,,,,,,,,,,,,,,,,,
,,,,,,,,,,,,,,,,,,,,,,,,,,,,,,,,,,,,
[SERIALNUM_LIST:SerialNumberList,, FALSE, FALSE, FALSE, FALSE,FALSE,,,,,,,],,,,,,,,,,,,,,,,,,,,,,,
FLD_GDWN_EXCISE_BOOK_NAME,MSTID,,RF_EXCISE_BOOK_NAME,ExciseBookName, NULL, FALSE, NULL,OBJ_SERIALNUMBER,,,,,,,,,,,,,,,,,,,,,,,,,,,,
,,,,,,,,,,,,,,,,,,,,,,,,,,,,,,,,,,,,
[EXCISE_MFG_DETAILS:ExciseMfgDetails,,FALSE,FALSE,FALSE,FALSE,FALSE,RF_APP_PERIOD_FROM,,,,,,],,,,,,,,,,,,,,,,,,,,,,,
*INDIRECT,DATE,,RF_APP_PERIOD_FROM,ApplicableFrom,NULL,FALSE,NULL,,,,,,,,,,,,,,,,,,,,,,,,,,,,,
FLD_GDWN_EMF_EXCISE_MANUFACTURER_TYPE,SYSID,,RF_EXCISE_MFG_TYPE,ExciseManufacturerType,NULL,FALSE,NULL,,,,,,,,,,,,,,,,,,,,,,,,,,,,,
FLD_GDWN_EMF_IS_EXCISE_MFG_OF_LESS_GOODS,BOOL,,RF_IS_EXCISE_MFG_OF_LESS_GOODS,IsExciseMfgofLessGoods,NULL,FALSE,NULL,,,,,,,,,,,,,,,,,,,,,,,,,,,,,
,,,,,,,,,,,,,,,,,,,,,,,,,,,,,,,,,,,,
[EXCISE_LUT_DETAILS:ExciseLUTDetails,,FALSE,FALSE,FALSE,FALSE,FALSE,,,,,,,],,,,,,,,,,,,,,,,,,,,,,,
FLD_GDWN_EXCISE_LUT_DET_LUT_NUMBER,STR,,RF_LUT_NUMBER,LUT Number,NULL,FALSE,NULL,,,,,,,,,,,,,,,,,,,,,,,,,,,,,
FLD_GDWN_EXCISE_LUT_DET_FROM_DATE,DATE,,RF_FROM_DATE,FromDate,NULL,FALSE,NULL,,,,,,,,,,,,,,,,,,,,,,,,,,,,,
FLD_GDWN_EXCISE_LUT_DET_TO_DATE,DATE,,RF_TO_DATE,ToDate,NULL,FALSE,NULL,,,,,,,,,,,,,,,,,,,,,,,,,,,,,
,,,,,,,,,,,,,,,,,,,,,,,,,,,,,,,,,,,,
[EXCISE_BOND_DETAILS:ExciseBondDetails,,FALSE,FALSE,FALSE,FALSE,FALSE,,,,,,,],,,,,,,,,,,,,,,,,,,,,,,
FLD_GDWN_EXCISE_BOND_DET_BOND_NUMBER,STR,,RF_BOND_NUMBER,BondNumber,NULL,FALSE,NULL,,,,,,,,,,,,,,,,,,,,,,,,,,,,,
FLD_GDWN_EXCISE_BOND_DET_FROM_DATE,DATE,,RF_FROM_DATE,FromDate,NULL,FALSE,NULL,,,,,,,,,,,,,,,,,,,,,,,,,,,,,
FLD_GDWN_EXCISE_BOND_DET_TO_DATE,DATE,,RF_TO_DATE,ToDate,NULL,FALSE,NULL,,,,,,,,,,,,,,,,,,,,,,,,,,,,,
,,,,,,,,,,,,,,,,,,,,,,,,,,,,,,,,,,,,
[EXCISE_RANGE_DETAILS:ExciseRangeDetails,,FALSE,FALSE,FALSE,FALSE,FALSE,RF_APP_PERIOD_FROM,,,,,,],,,,,,,,,,,,,,,,,,,,,,,
*INDIRECT,DATE,,RF_APP_PERIOD_FROM,ApplicableFrom,NULL,FALSE,NULL,,,,,,,,,,,,,,,,,,,,,,,,,,,,,
FLD_GDWN_EXCISE_RANGE_DET_RANGE,STR,,RF_RANGE,Range,NULL,FALSE,NULL,,,,,,,,,,,,,,,,,,,,,,,,,,,,,
FLD_GDWN_EXCISE_RANGE_DET_CODE,STR,,RF_CODE,Code,NULL,FALSE,NULL,,,,,,,,,,,,,,,,,,,,,,,,,,,,,
FLD_GDWN_EXCISE_RANGE_DET_ADDRESS,STR,,RF_ADDRESS,Address,NULL,FALSE,NULL,,,,,,,,,,,,,,,,,,,,,,,,,,,,,
,,,,,,,,,,,,,,,,,,,,,,,,,,,,,,,,,,,,
[EXCISE_DIVISION_DETAILS:ExciseDivisionDetails,,FALSE,FALSE,FALSE,FALSE,FALSE,RF_APP_PERIOD_FROM,,,,,,],,,,,,,,,,,,,,,,,,,,,,,
*INDIRECT,DATE,,RF_APP_PERIOD_FROM,ApplicableFrom,NULL,FALSE,NULL,,,,,,,,,,,,,,,,,,,,,,,,,,,,,
FLD_EXCISE_DIVISION_DET__DIVISION,STR,,RF_DIVISION,Division,NULL,FALSE,NULL,,,,,,,,,,,,,,,,,,,,,,,,,,,,,
FLD_EXCISE_DIVISION_DET_CODE,STR,,RF_CODE,Code,NULL,FALSE,NULL,,,,,,,,,,,,,,,,,,,,,,,,,,,,,
FLD_EXCISE_DIVISION_DET_ADDRESS,STR,,RF_ADDRESS,Address,NULL,FALSE,NULL,,,,,,,,,,,,,,,,,,,,,,,,,,,,,
,,,,,,,,,,,,,,,,,,,,,,,,,,,,,,,,,,,,
[EXCISE_COMMISSION_ON_RATE_DETAILS:ExciseCommissionerateDetails,,FALSE,FALSE,FALSE,FALSE,FALSE,RF_APP_PERIOD_FROM,,,,,,],,,,,,,,,,,,,,,,,,,,,,,
*INDIRECT,DATE,,RF_APP_PERIOD_FROM,ApplicableFrom,NULL,FALSE,NULL,,,,,,,,,,,,,,,,,,,,,,,,,,,,,
FLD_EXCISE_COMMISSION_ON_RATE_DET_COMMISSION_RATE,STR,,RF_COMMISSION_RATE,Commissionerate,NULL,FALSE,NULL,,,,,,,,,,,,,,,,,,,,,,,,,,,,,
FLD_EXCISE_COMMISSION_ON_RATE_DET_CODE,STR,,RF_CODE,Code,NULL,FALSE,NULL,,,,,,,,,,,,,,,,,,,,,,,,,,,,,
FLD_EXCISE_COMMISSION_ON_RATE_DET_ADDRESS,STR,,RF_ADDRESS,Address,NULL,FALSE,NULL,,,,,,,,,,,,,,,,,,,,,,,,,,,,,
,,,,,,,,,,,,,,,,,,,,,,,,,,,,,,,,,,,,
[ST_TAXLIAB_COMPU_DET: STTaxLiabComputeDtls,,FALSE,FALSE,FALSE,FALSE,FALSE,,,,,,,],,,,,,,,,,,,,,,,,,,,,,,
FLD_ST_TAXLIAB_COMPU_DET_ST_TAX_LIAB_TYPE,STR,,RF_ST_TAX_LIAB_TYPE,STTaxLiabType,NULL,FALSE,NULL,,,,,,,,,,,,,,,,,,,,,,,,,,,,,
FLD_ST_TAXLIAB_COMPU_DET_ST_TAX_LIAB_TYPE_APPL_FORM,DATE,,RF_ST_TAX_LIAB_TYPE_APPL_FORM,STTaxLiabTypeAplFrom,NULL,FALSE,NULL,,,,,,,,,,,,,,,,,,,,,,,,,,,,,
,,,,,,,,,,,,,,,,,,,,,,,,,,,,,,,,,,,,
[BANK_STATUS_INFO:BankStatusInfo,,FALSE,FALSE,FALSE,FALSE,FALSE,,,,,,,,,,,,,,,,,,,,,,,,,,,,,,
FLD_BANK_STATUS_INFO_ERROR_MSG,STR,,RF_ERROR_MSG,ErrorMessage,NULL,FALSE,NULL,,,,,,,,,,,,,,,,,,,,,,,,,,,,,
FLD_BANK_STATUS_INFO_ERROR_KEY,STR,,RF_ERROR_KEY,ErrorKey,NULL,FALSE,NULL,,,,,,,,,,,,,,,,,,,,,,,,,,,,,
,,,,,,,,,,,,,,,,,,,,,,,,,,,,,,,,,,,,
[SALESTAXCESS_DETAILS:SalesTaxCessDetails,,FALSE,FALSE,FALSE,FALSE,FALSE,RF_FROM_DATE,,,,,,],,,,,,,,,,,,,,,,,,,,,,,
*INDIRECT,DATE,,RF_FROM_DATE,FromDate,NULL,FALSE,NULL,,,,,,,,,,,,,,,,,,,,,,,,,,,,,
FLD_SALES_TCESS_RATE_OF_CESS,NUM,,RF_RATE_OF_CESS,RateOfCess,NULL,FALSE,NULL,,,,,,,,,,,,,,,,,,,,,,,,,,,,,
,,,,,,,,,,,,,,,,,,,,,,,,,,,,,,,,,,,,
[GST_DETAILS:GSTDetails,,FALSE,FALSE,FALSE,FALSE,FALSE,RF_APP_PERIOD_FROM,,,,,,,,,,,,TRUE,],,,,,,,,,,,,,,,,
*INDIRECT,DATE,,RF_APP_PERIOD_FROM,ApplicableFrom,NULL,FALSE,NULL,,,,,,,,,,,,,,,,,,,,,,,,,,,,68,
FLD_GST_DET_HSN_MASTER_NAME,MSTID,,RF_HSN_MASTER_NAME,HSNMasterName,NULL,FALSE,NULL,OBJ_GST_CLASSIF,,,,,,,,,,,,,,,,,,,,,,,,,,,69,
FLD_GST_DET_HSN,STR,,RF_HSN,HSN,NULL,FALSE,NULL,,,,,,,,,,,,,,,,,,,,,,,,,,,,70,
FLD_GST_DET_HSN_CODE,STR,,RF_HSN_CODE,HSNCode,NULL,FALSE,NULL,,,,,,,,,,,,,,,,,,,,,,,,,,,,71,
FLD_GST_DET_SUPPLY_TYPE,SYSID,,RF_SUPPLY_TYPE,SupplyType,NULL,FALSE,NULL,,,,,,,,,,,,,,,,,,,,,,,,,,,,72,
FLD_GST_DET_REPORTING_UOM,STR,,RF_REPORTING_UOM,ReportingUOM,NULL,FALSE,NULL,,,,,,,,,,,,,,,,,,,,,,,,,,,,73,
FLD_GST_DET_TAXABILITY,SYSID,,RF_TAXABILITY,Taxability,NULL,FALSE,NULL,,,,,,,,,,,,,,,,,,,,,,,,,,,,74,
FLD_GST_DET_IS_REVERSE_CHARGE_APPLICABLE,BOOL,,RF_IS_REVERSE_CHARGE_APPLICABLE,IsReverseChargeApplicable,NULL,FALSE,NULL,,,,,,,,,,,,,,,,,,,,,,,,,,,,75,
FLD_GST_DET_REVERSE_CHARGE_RATE,NUM,,RF_REV_CHARGE_RATE,ReverseChargeRate,NULL,FALSE,NULL,,,,,,,,,,,,,,,,,,,,,,,,,,,,76,
FLD_GST_DET_NOTIFICATION_NUMBER,STR,,RF_GST_NOTIFICATION_NUMBER,GSTNotificationNumber,NULL,FALSE,NULL,,,,,,,,,,,,,,,,,,,,,,,,,,,,77,
FLD_GST_DET_NOTIFICATION_DATE,DATE,,RF_GST_NOTIFICATION_DATE,GSTNotificationDate,NULL,FALSE,NULL,,,,,,,,,,,,,,,,,,,,,,,,,,,,78,
FLD_GST_DET_STATEWISE_DETAILS,AGGR,,RF_STATEWISE_DETAILS,StateWiseDetails,NULL,TRUE,OBJ_GST_STATEWISE_DETAILS,,TRUE,RF_STATE_NAME,,,,,,,,,,,,,,,,,,,,,,,,,79,
FLD_GST_DET_GST_NATURE_OF_TRANSACTION_STR,STR,,RF_PREV_GST_NATURE_OF_TRANSACTION,PrevGSTNatureOfTransaction,NULL,FALSE,NULL,,,,,,,,,,,,,,,,,,,,,,,,,,,,80,
FLD_GST_DET_IS_NON_GST_GOODS,BOOL,,RF_IS_NON_GST_GOODS,IsNonGSTGoods,NULL,FALSE,NULL,,,,,,,,,,,,,,,,,,,,,,,,,,,,81,
FLD_GST_DET_IS_INELIGIBLE,BOOL,,RF_GST_IS_INELIGIBLE,GSTIneligibleITC,NULL,FALSE,NULL,,,,,,,,,,,,,,,,,,,,,,,,,,,,82,
FLD_GST_DET_CALCULATION_TYPE,SYSID,,RF_CALC_TYPE,CalculationType,NULL,FALSE,NULL,,,,,,,,,,,,,,,,,,,,,,,,,,,,83,
FLD_GST_DET_NATURE_OF_GOODS,STR,,RF_NAT_OF_GOODS,NatureOfGoods,NULL,FALSE,NULL,,,,,,,,,,,,,,,,,,,,,,,,,,,,84,
FLD_GST_DET_INCLUDE_EXP_FOR_SLAB_CALC,BOOL,,RF_INCLUDE_EXP_FOR_SLAB_CALC,IncludeExpForSlabCalc,NULL,FALSE,NULL,,,,,,,,,,,,,,,,,,,,,,,,,,,,85,
FLD_GST_DET_GST_APP_STATUS,SYSID,,RF_GST_APP_STATUS,GSTAppStatus,NULL,FALSE,NULL,,,,,,,,,,,,,,,,,,,,,,,,,,,,102,
FLD_GST_DET_GST_NATURE_OF_TRANSACTION,SYSID,,RF_GST_NATURE_OF_TRANSACTION,GSTNatureOfTransaction,NULL,FALSE,NULL,,,,,,,,,,,,,,,,,,,,,,,,,,,,129,
,,,,,,,,,,,,,,,,,,,,,,,,,,,,,,,,,,,,
[GST_STATEWISE_DETAILS:GSTStatewiseDetails,,FALSE,FALSE,FALSE,FALSE,FALSE,RF_STATE_NAME,,,,,,,,,,,,,],,,,,,,,,,,,,,,86,
  FLD_GST_STATEWISE_DET_STATE_NAME,SYSID,,RF_STATE_NAME,StateName,NULL,FALSE,NULL,,,,,,,,,,,,,,,,,,,,,,,,,,,,,
  FLD_GST_STATEWISE_DET_RATE_DETAILS,AGGR,,RF_RATE_DETAILS,RateDetails,NULL,TRUE,OBJ_GST_RATE_DETAILS,,TRUE,RF_GST_RATE_DUTY_HEAD,,,,,,,,,,,,,,,,,,,,,,,,,,
  FLD_GST_STATEWISE_DET_ITEM_SLAB_RATES,AGGR,,RF_GST_SLAB_RATES,GSTSlabRates,NULL,TRUE,OBJ_GST_SLAB_RATES,,,,,,,,,,,,,,,,,,,,,,,,,,,,,
,,,,,,,,,,,,,,,,,,,,,,,,,,,,,,,,,,,,
[GST_RATE_DETAILS:GSTRateDetails,,FALSE,FALSE,FALSE,FALSE,FALSE,RF_GST_RATE_DUTY_HEAD,,,,,,,,,,,,,],,,,,,,,,,,,,,,87,
  FLD_GST_RATE_DUTY_HEAD,SYSID,,RF_GST_RATE_DUTY_HEAD,GSTRateDutyHead,NULL,FALSE,NULL,,,,,,,,,,,,,,,,,,,,,,,,,,,,,
  FLD_GST_RATE,NUM,,RF_RATE_OF_GST,GSTRate,NULL,FALSE,NULL,,,,,,,,,,,,,,,,,,,,,,,,,,,,,
  FLD_GST_RATE_VALUATION_TYPE,SYSID,,RF_GST_RATE_VALUATION_TYPE,GSTRateValuationType,NULL,FALSE,NULL,,,,,,,,,,,,,,,,,,,,,,,,,,,,,
  FLD_GST_RATE_PER_UNIT,NUM,,RF_GST_RATE_PER_UNIT,GSTRatePerUnit,NULL,FALSE,NULL,,,,,,,,,,,,,,,,,,,,,,,,,,,,,
  FLD_GST_VIEW_RATE,NUM,,RF_GST_VIEW_RATE,GSTViewRate,NULL,FALSE,NULL,,,,,,,,,,,,,,,,,,,,,,,,,,,,,
  FLD_GST_VIEW_RATE_PER_UNIT,NUM,,RF_GST_VIEW_RATE_PER_UNIT,GSTViewRatePerUnit,NULL,FALSE,NULL,,,,,,,,,,,,,,,,,,,,,,,,,,,,,
,,,,,,,,,,,,,,,,,,,,,,,,,,,,,,,,,,,,
[GST_SLAB_RATES:GSTSlabRates,,FALSE,FALSE,FALSE,FALSE,FALSE,,,,,,,,,,,,,,],,,,,,,,,,,,,,,,
FLD_GST_SLAB_TO_ITEM_RATE,NUM,,RF_TO_ITEM_RATE,ToItemRate,NULL,FALSE,NULL,,,,,,,,,,,,,,,,,,,,,,,,,,,,,
FLD_GST_SLAB_TAXABILITY,SYSID,,RF_TAXABILITY,Taxability,NULL,FALSE,NULL,,,,,,,,,,,,,,,,,,,,,,,,,,,,,
FLD_GST_SLAB_RATE_DETAILS,AGGR,,RF_RATE_DETAILS,RateDetails,NULL,TRUE,OBJ_GST_RATE_DETAILS,,TRUE,RF_GST_RATE_DUTY_HEAD,,,,,,,,,,,,,,,,,,,,,,,,,,
,,,,,,,,,,,,,,,,,,,,,,,,,,,,,,,,,,,,
,,,,,,,,,,,,,,,,,,,,,,,,,,,,,,,,,,,,
[AGGR_VALUE:AggregateValue,,FALSE,FALSE,FALSE,FALSE,FALSE,,,,,,,,,,,,,,,,,,,,,,,,,,,,,,
*NULL,LONG,,RF_QUALIFIER_TYPE,QuaType,FALSE,FALSE,,,,,,,,,,,,,,,,,,,,,,,,,,,,,,
FLD_QUALIFIER_MASTER_TYPE_VALUE,LONG,,RF_MASTER_TYPE,QuaMasterType,FALSE,FALSE,,,,,,,,,,,,,,,,,,,,,,,,,,,,,,
FLD_QUALIFIER_NUM_VALUE,NUM,,RF_QUALIFIER_NUM_VALUE,QuaNumber,FALSE,FALSE,,,,,,,,,,,,,,,,,,,,,,,,,,,,,,
FLD_QUALIFIER_STR_VALUE,STR,,RF_QUALIFIER_STR_VALUE,QuaString,FALSE,FALSE,,,,,,,,,,,,,,,,,,,,,,,,,,,,,,
FLD_AGGR_VALUE,AGGR,,RF_AGGR_VALUE,QuaAggregate,FALSE,TRUE,OBJ_AGGR_VALUE,,,,,,,,,,,,,,,,,,,,,,,,,,,,,
FLD_AGGR_SUM,AGGR,,RF_AGGR_SUM,AggrSumValue,FALSE,TRUE,OBJ_AGGR_VALUE_DATA,,,,,,,,,,,,,,,,,,,,,,,,,,,,,
FLD_AGGR_COUNT,AGGR,,RF_AGGR_COUNT,AggrCountValue,FALSE,TRUE,OBJ_AGGR_VALUE_DATA,,,,,,,,,,,,,,,,,,,,,,,,,,,,,
*NULL,SYSID,,RF_PURPOSE_ID,NULL,FALSE,FALSE,,,,,,,,,,,,,,,,,,,,,,,,,,,,,,
*NULL,DATE,,RF_QUALIFIER_DATE_VALUE,QuaDate,FALSE,FALSE,,,,,,,,,,,,,,,,,,,,,,,,,,,,,,
*NULL,LONG,,RF_QUALIFIER_LONG_VALUE,QuaLong,FALSE,FALSE,,,,,,,,,,,,,,,,,,,,,,,,,,,,,,
*NULL,SYSID,,RF_QUALIFIER_SYSID_VALUE,QuaSysName,FALSE,FALSE,,,,,,,,,,,,,,,,,,,,,,,,,,,,,,
*NULL,BOOL,,RF_QUALIFIER_LOGICAL_VALUE,QuaLogical,FALSE,FALSE,,,,,,,,,,,,,,,,,,,,,,,,,,,,,,
*NULL,STR,,RF_QUALIFIER_MST_TYPE_NAME,QuaMasterTypeName,FALSE,FALSE,,,,,,,,,,,,,,,,,,,,,,,,,,,,,,
*NULL,STR,,RF_QUALIFIER_MST_NAME,QuaMasterName,FALSE,FALSE,,,,,,,,,,,,,,,,,,,,,,,,,,,,,,
*NULL,AGGR,,RF_AGGR_KEY_INFO,AggrKeyInfo,FALSE,TRUE,OBJ_AGGR_KEY,,,,,,,,,,,,,,,,,,,,,,,,,,,,,
*NULL,STR,,RF_AGGR_KEY_STRING,AggrKeyString,FALSE,FALSE,,,,,,,,,,,,,,,,,,,,,,,,,,,,,,
,,,,,,,,,,,,,,,,,,,,,,,,,,,,,,,,,,,,
[AGGR_VALUE_DATA: AggrgeateValueData,,FALSE,FALSE,FALSE,FALSE,FALSE,,,,,,,,,,,,,,,,,,,,,,,,,,,,,,
FLD_AGGR_NAME,STR,,RF_AGGR_NAME,AggrName,FALSE,FALSE,,,,,,,,,,,,,,,,,,,,,,,,,,,,,,
FLD_AGGR_NUMBER,NUM,,RF_AGGR_NUMBER,AggrNumber,FALSE,FALSE,,,,,,,,,,,,,,,,,,,,,,,,,,,,,,
FLD_AGGR_AMOUNT,AMT,,RF_AGGR_AMOUNT,AggrAmount,FALSE,FALSE,,,,,,,,,,,,,,,,,,,,,,,,,,,,,,
FLD_AGGR_LONG,LONG,,RF_AGGR_LONG,AggrLong,FALSE,FALSE,,,,,,,,,,,,,,,,,,,,,,,,,,,,,,
FLD_AGGR_TYPE,LONG,,RF_AGGR_TYPE,AggrType,FALSE,FALSE,,,,,,,,,,,,,,,,,,,,,,,,,,,,,,
,,,,,,,,,,,,,,,,,,,,,,,,,,,,,,,,,,,,
[CONTRIBUTING_VOUCHER:ContributingVoucher,,,FALSE,FALSE,FALSE,FALSE,FALSE,,,,,,,,,,,,,],,,,,,,,,,,,,,,,
    FLD_CONTRI_VCHID,LONG,,RF_CONTRI_VCHID,ContriVchId,NULL,FALSE,NULL,,,,,,,,,,,,,,,,,,,,,,,,,,,,,
    FLD_CONTRI_VCHRECID,LONG,,RF_VCH_REC_ID,NULL,NULL,FALSE,NULL,,,,,,,,,,,,,,,,,,,,,,,,,,,,,
    FLD_CONTRI_VCH_PURPOSE_ID,SYSID,,RF_PURPOSE_ID,PurposeId,NULL,FALSE,NULL,,,,,,,,,,,,,,,,,,,,,,,,,,,,,
    FLD_CONTRI_VCH_VER_ID,LONG,,RF_CONTRI_VCH_VER_ID,ContriVchVerId,NULL,FALSE,NULL,,,,,,,,,,,,,,,,,,,,,,,,,,,,,
    FLD_CONTRI_VCH_STAT_REC_ID,LONG,,RF_CONTRI_VCH_STAT_REC_ID,Contri Vch Stat Rec Id,NULL,FALSE,NULL,,,,,,,,,,,,,,,,,,,,,,,,,,,,,
    FLD_CONTRI_VCH_STAT_VER_NUM,LONG,,RF_CONTRI_VCH_STAT_VER_NUM,Contri Vch Stat Ver Num,NULL,FALSE,NULL,,,,,,,,,,,,,,,,,,,,,,,,,,,,,
    FLD_CONTRI_VCH_STAT_CONTRI_VER_NUM,LONG,,RF_CONTRI_VCH_STAT_CONTRI_VER_NUM,Contri Vch Stat Contri Ver Num,NULL,FALSE,NULL,,,,,,,,,,,,,,,,,,,,,,,,,,,,,
    FLD_CONTRI_VCH_CONTENT_QUA,SYSID,,RF_CONTRI_VCH_CONTENT_QUA,ContriVchContentQua,NULL,FALSE,NULL,,,,,,,,,,,,,,,,,,,,,,,,,,,,,
    FLD_CONTRI_VCH_DEFUNC,BOOL,,RF_CONTRI_VCH_DEFUNC,ContriVchDefunc,NULL,FALSE,NULL,,,,,,,,,,,,,,,,,,,,,,,,,,,,,
    FLD_CONTRI_VCH_SUB_PURPOSE_ID,SYSID,,RF_SUB_PURPOSE_TYPE,SubPurposeId,NULL,FALSE,NULL,,,,,,,,,,,,,,,,,,,,,,,,,,,,,
,,,,,,,,,,,,,,,,,,,,,,,,,,,,,,,,,,,,
[!+200]  ;; Status / Id's,,,,,,,,,,,,,,,,,,,,,,,,,,,,,,,,,,,,
    FLD_CONTRI_VCH_STATUS,BOOL,,RF_CONTRI_VCH_STATUS,Contri Vch Status,NULL,FALSE,NULL,,,,,,,,,,,,,,,,,,,,,,,,,,,,,
,,,,,,,,,,,,,,,,,,,,,,,,,,,,,,,,,,,,
[PURPOSE:Purpose,,FALSE,FALSE,FALSE,FALSE,FALSE,FALSE,,,,,,,,,,,TRUE,TRUE,],,,,,,,,,,,,,,,,
*INDIRECT,BOOL,,RF_PUR_IS_OVERRIDDEN,IsOverridden,NULL,FALSE,NULL,,,,,,,,,,,,,,,,,,,,,,,,,,,,,
*INDIRECT,SYSID,,RF_PURPOSE_TYPE,PurposeType,NULL,FALSE,NULL,,,,,,,,,,,,,,,,,,,,,,,,,,,,,
*INDIRECT,BOOL,,RF_PURPOSE_IS_MULTI_STAT,IsMultiStat,FALSE,FALSE,NULL,,,,,,,,,,,,,,,,,,,,,,,,,,,,,
*INDIRECT,AGGR,,RF_PURPOSE_STAT,Stat,NULL,TRUE,OBJ_STAT,,,,,,,,,,,,,,,,,,,,,,,,,,,,,
*INDIRECT,LONG,,RF_NUM_VERSION,NumVersion,0,FALSE,NULL,,,,,,,,,,,,,,,,,,,,,,,,,,,,,
*INDIRECT,LONG,,RF_VERSION_NO,VersionNo,NULL,FALSE,NULL,,,,,,,,,,,,,,,,,,,,TRUE,,,,,,,,,
*NULL,AGGR,,RF_PURPOSE_STAT_DATE_ENTRIES,StatDateEntries,NULL,TRUE,OBJ_STAT_DATE_ENTRIES,,,,,,,,,,,,,,,,,,,,,,,,,,,,,
*INDIRECT,STR,,RF_PURPOSE_STAT_LIST,StatListNew,NULL,TRUE,NULL,,,,,,,,,,,,,,,,,,,,,,,,,,,,,
,,,,,,,,,,,,,,,,,,,,,,,,,,,,,,,,,,,,
[STAT:Stat,,FALSE,FALSE,FALSE,FALSE,FALSE,FALSE,,,,,,,,,,,TRUE,TRUE,],,,,,,,,,,,,,,,,
*INDIRECT,SYSID,,RF_PURPOSE_CONTENT_LIST,ContentList,NULL,TRUE,NULL,,,,,,,,,,,,,,,,,,,,,,,,,,,,,
*INDIRECT,SYSID,,RF_PURPOSE_TYPE,PurposeType,FALSE,FALSE,NULL,,,,,,,,,,,,,,,,,,,,,,,,,,,,,
*INDIRECT,STR,,RF_STAT_KEY,StatKey,NULL,FALSE,NULL,,,,,,,,,,,,,,,,,,,,,,,,,,,,,
*INDIRECT,AGGR,,RF_STAT_CONTENT,Content,NULL,TRUE,OBJ_CONTENT,,,,,,,,,,,,,,,,,,,,,,,,,,,,,
*INDIRECT,BOOL,,RF_DO_MERGE,DoMerge,NULL,FALSE,NULL,,,,,,,,,,,,,,,,,,,,,,,,,,,,,
*FLD_STAT_STATUS,AGGR,,NULL,NULL,NULL,NULL,NULL,,,,,,,,,,,,,,,,,,,,,,,,,,,,,
    *FLD_IS_GST_STAT_UPLOAD_INPROG,BOOL,1,RF_IS_GST_STAT_UPLOAD_INPROG,IsGSTStatUploadInProg,NULL,FALSE,NULL,,,,,,,,,,,,,,,,,,,,,,,,,,,TRUE,,
    *FLD_IS_GST_STAT_UPLOADED,BOOL,1,RF_IS_GST_STAT_UPLOADED,IsGSTStatUploaded ,NULL,FALSE,NULL,,,,,,,,,,,,,,,,,,,,,,,,,,,TRUE,,
    *FLD_IS_GST_STAT_ON_HOLD,BOOL,1,RF_IS_GST_STAT_ON_HOLD,IsGSTStatOnHold,NULL,FALSE,NULL,,,,,,,,,,,,,,,,,,,,,,,,,,,TRUE,,
    *FLD_IS_GST_STAT_REJ_BY_GSTN,BOOL,1,RF_IS_GST_STAT_REJ_BY_GSTN,IsGSTStatRejByGSTN,NULL,FALSE,NULL,,,,,,,,,,,,,,,,,,,,,,,,,,,TRUE,,
    *FLD_IS_GST_STAT_DEL_AFTER_UPLOAD,BOOL,1,RF_IS_GST_STAT_DEL_AFTER_UPLOAD,IsGSTStatDelAfterUpload ,NULL,FALSE,NULL,,,,,,,,,,,,,,,,,,,,,,,,,,,TRUE,,
    *FLD_IS_GST_STAT_STALE_CONFLICT,BOOL,1,RF_IS_GST_STAT_STALE_CONFLICT,IsGSTStatStaleConflict,NULL,FALSE,NULL,,,,,,,,,,,,,,,,,,,,,,,,,,,TRUE,,
    *FLD_IS_GST_STAT_UNCERTAIN,BOOL,1,RF_IS_GST_STAT_UNCERTAIN,IsGSTStatUncertain ,NULL,FALSE,NULL,,,,,,,,,,,,,,,,,,,,,,,,,,,TRUE,,
    *FLD_IS_GST_STAT_NEVER_UPLOAD,BOOL,1,RF_IS_GST_STAT_NEVER_UPLOAD,IsGSTStatNeverUpload ,NULL,FALSE,NULL,,,,,,,,,,,,,,,,,,,,,,,,,,,TRUE,,
    *FLD_IS_GST_STAT_MODIFY_AFTER_UPLOAD,BOOL,1,RF_IS_GST_STAT_MODIFY_AFTER_UPLOAD,IsGSTStatModAftUpload,NULL,FALSE,NULL,,,,,,,,,,,,,,,,,,,,,,,,,,,TRUE,,
    *FLD_IS_GST_STAT_EXPORTED,BOOL,1,RF_IS_GST_STAT_EXPORTED,IsGSTStatExported,NULL,FALSE,NULL,,,,,,,,,,,,,,,,,,,,,,,,,,,TRUE,,
    *FLD_IS_GST_STAT_NATURE_UNDEFINED,BOOL,1,RF_IS_GST_STAT_NATURE_UNDEFINED,IsGSTStatNatureUndefined,NULL,FALSE,NULL,,,,,,,,,,,,,,,,,,,,,,,,,,,TRUE,,
    *FLD_IS_GST_STAT_NO_ITC_IMPACT,BOOL,1,RF_IS_GST_STAT_NO_ITC_IMPACT,IsGSTStatNoITCImpact,NULL,FALSE,NULL,,,,,,,,,,,,,,,,,,,,,,,,,,,TRUE,,
    *FLD_IS_GST_STAT_EMPTY_FETCHED_DATA,BOOL,1,RF_IS_GST_STAT_EMPTY_FETCHED_DATA,IsGSTStatEmptyFetchedData,NULL,FALSE,NULL,,,,,,,,,,,,,,,,,,,,,,,,,,,TRUE,,
    *FLD_STAT_PURPOSE_ID,SYSID,1,RF_STAT_PURPOSE_ID,StatPurposeId,NULL,FALSE,NULL,,,,,,,,,,,,,,,,,,,,,,,,,,,TRUE,,
    *FLD_STAT_DATE,DATE,1,RF_STATUS_DATE,StatusDate,NULL,FALSE,NULL,,,,,,,,,,,,,,,,,,,,,,,,,,,TRUE,,
    *FLD_STAT_IS_RECONCILED,BOOL,1,RF_STAT_IS_RECONCILED,IsStatReconciled,NULL,FALSE,NULL,,,,,,,,,,,,,,,,,,,,,,,,,,,TRUE,,
   *FLD_GST_STAT_EXCLUDED,BOOL,1,RF_STAT_IS_EXCLUDED,IsGstStatExcluded,NULL,FALSE,NULL,,,,,,,,,,,,,,,,,,,,,,,,,,,TRUE,,
    *FLD_STAT_IS_CTIN_SAME_AS_VOUCHER,BOOL,1,RF_STAT_IS_CTIN_SAME_AS_VOUCHER,IsStatCTINSameAsVoucher,NULL,FALSE,NULL,,,,,,,,,,,,,,,,,,,,,,,,,,,TRUE,,
    *FLD_STAT_GST_API_MAP,SYSID,1,RF_GST_STAT_API_MAP,GSTSTATAPIMap,NULL,FALSE,NULL,,,,,,,,,,,,,,,,,,,,,,,,,,,TRUE,,
    *FLD_STAT_IS_GSTR1,BOOL,1,RF_GST_STAT_IS_GSTR1,IsGSTR1,NULL,FALSE,NULL,,,,,,,,,,,,,,,,,,,,,,,,,,,TRUE,,
    *FLD_STAT_IS_GSTR2A,BOOL,1,RF_GST_STAT_IS_GSTR2A,IsGSTR2A,NULL,FALSE,NULL,,,,,,,,,,,,,,,,,,,,,,,,,,,TRUE,,
    *FLD_STAT_IS_GSTR3B,BOOL,1,RF_GST_STAT_IS_GSTR3B,IsGSTR3B,NULL,FALSE,NULL,,,,,,,,,,,,,,,,,,,,,,,,,,,TRUE,,
    *FLD_STAT_GSTIN_MST,MSTID,1,RF_STAT_GSTIN_MST,GSTINStatus,NULL,FALSE,NULL,OBJ_TAX_UNIT,,,,,,,,,,,,,,,,,,,,,,,,,,TRUE,,
    *FLD_STAT_IS_GST_SIGNED,BOOL,1,RF_IS_GST_STAT_SIGNED,IsGSTStatSigned,NULL,FALSE,NULL,,,,,,,,,,,,,,,,,,,,,,,,,,,TRUE,,
    *FLD_STAT_IS_GST_MISMATCH,BOOL,1,RF_IS_GST_STAT_MISMATCH,IsGSTStatMismatch,NULL,FALSE,NULL,,,,,,,,,,,,,,,,,,,,,,,,,,,TRUE,,
    *FLD_STAT_GST_STAT_FILING_DATE,DATE,1,RF_GST_STAT_FILING_DATE,GSTStatFilingDate,NULL,FALSE,NULL,,,,,,,,,,,,,,,,,,,,,,,,,,,TRUE,,
,,,,,,,,,,,,,,,,,,,,,,,,,,,,,,,,,,,,
[CONTENT:Content,,FALSE,FALSE,FALSE,FALSE,FALSE,FALSE,,,,,,,,,,,TRUE,TRUE,],,,,,,,,,,,,,,,,
*INDIRECT,SYSID,,RF_PURPOSE_TYPE,PurposeType,FALSE,FALSE,NULL,,,,,,,,,,,,,,,,,,,,,,,,,,,,,
*INDIRECT,SYSID,,RF_QUALIFIER,Qualifier,NULL,FALSE,NULL,,,,,,,,,,,,,,,,,,,,,,,,,,,,,
*INDIRECT,LONG,,RF_CONTENT_NUM_CONTRIBUTORS,NumOfContributors,NULL,FALSE,NULL,,,,,,,,,,,,,,,,,,,,,,,,,,,,,
*INDIRECT,AGGR,,RF_CONTENT_USER_CONTRIBUTOR,ContributorUser,FALSE,TRUE,OBJ_CONTRIBUTOR,,,,,,,,,,,,,,,,,,,,,,,,,,,,,
*INDIRECT,AGGR,,RF_CONTENT_USER_CONTRIBUTOR_NET,ContributorNet,FALSE,TRUE,OBJ_CONTRIBUTOR,,,,,,,,,,,,,,,,,,,,,,,,,,,,,
*INDIRECT,AGGR,,RF_CONTENT_FETCHED_CONTRIBUTOR,ContributorFetched,FALSE,TRUE,OBJ_CONTRIBUTOR,,,,,,,,,,,,,,,,,,,,,,,,,,,,,
*NULL,AGGR,,RF_CONTENT_USER_ALL,UserAll,FALSE,TRUE,OBJ_USER_ALL,,,,,,,,,,,,,,,,,,,,,,,,,,,,,
*NULL,AGGR,,RF_CONTENT_FETCHED_ALL,FecthedAll,FALSE,TRUE,OBJ_FETCHED_ALL,,,,,,,,,,,,,,,,,,,,,,,,,,,,,
*NULL,AGGR,,RF_CONTENT_USER_PREV,UserPrev,FALSE,TRUE,OBJ_CONTRIBUTOR,,,,,,,,,,,,,,,,,,,,,,,,,,,,,
*NULL,AGGR,,RF_CONTENT_FETCHED_PREV,FecthedPrev,FALSE,TRUE,OBJ_CONTRIBUTOR,,,,,,,,,,,,,,,,,,,,,,,,,,,,,
*NULL,AGGR,,RF_CONTENT_USER_ALL_CONTRIBUTOR,ContributorUserAll,FALSE,TRUE,OBJ_CONTRIBUTOR,,,,,,,,,,,,,,,,,,,,,,,,,,,,,
,,,,,,,,,,,,,,,,,,,,,,,,,,,,,,,,,,,,
[USER_ALL:UserAll,,FALSE,FALSE,FALSE,FALSE,FALSE,FALSE,,,,,,,,,,,TRUE,,],,,,,,,,,,,,,,,,
*INDIRECT,SYSID,,RF_PURPOSE_TYPE,PurposeType,NULL,FALSE,NULL,,,,,,,,,,,,,,,,,,,,,,,,,,,,,
*INDIRECT,AGGR,,RF_CONTENT_CONTRIBUTOR,Contributor,FALSE,TRUE,OBJ_CONTRIBUTOR,,,,,,,,,,,,,,,,,,,,,,,,,,,,,
*INDIRECT,LONG,,RF_NUM_VERSION,NumVersion,0,FALSE,NULL,,,,,,,,,,,,,,,,,,,,,,,,,,,,,
*INDIRECT,LONG,,RF_VERSION_NO,VersionNo,NULL,FALSE,NULL,,,,,,,,,,,,,,,,,,,,TRUE,,,,,,,,,
,,,,,,,,,,,,,,,,,,,,,,,,,,,,,,,,,,,,
[FETCHED_ALL:FetchedAll,,FALSE,FALSE,FALSE,FALSE,FALSE,FALSE,,,,,,,,,,,TRUE,,],,,,,,,,,,,,,,,,
*INDIRECT,SYSID,,RF_PURPOSE_TYPE,PurposeType,NULL,FALSE,NULL,,,,,,,,,,,,,,,,,,,,,,,,,,,,,
*INDIRECT,AGGR,,RF_CONTENT_CONTRIBUTOR,Contributor,FALSE,TRUE,OBJ_CONTRIBUTOR,,,,,,,,,,,,,,,,,,,,,,,,,,,,,
*INDIRECT,LONG,,RF_NUM_VERSION,NumVersion,0,FALSE,NULL,,,,,,,,,,,,,,,,,,,,,,,,,,,,,
*INDIRECT,LONG,,RF_VERSION_NO,VersionNo,NULL,FALSE,NULL,,,,,,,,,,,,,,,,,,,,TRUE,,,,,,,,,
,,,,,,,,,,,,,,,,,,,,,,,,,,,,,,,,,,,,
[CONTRIBUTOR : Contributor,,FALSE,FALSE,FALSE,FALSE,FALSE,FALSE,,,,,,,,,,,TRUE,TRUE,],,,,,,,,,,,,,,,,
FLD_PURPOSE_INTERNAL_DATA,AGGR,,NULL,NULL,NULL,FALSE,NULL,,,,,,,,,,,,,,,,,,,,,,,,,,,,,
FLD_PURPOSE_USER_DATA,AGGR,,NULL,NULL,NULL,FALSE,NULL,,,,,,,,,,,,,,,,,,,,,,,,,,,,,
FLD_PURPOSE_THIRD_PARTY_DATA,AGGR,,NULL,NULL,NULL,FALSE,NULL,,,,,,,,,,,,,,,,,,,,,,,,,,,,,
    FLD_PURPOSE_THIRD_PARTY_PREV_CRC,LONG,1,RF_PURPOSE_THIRD_PARTY_PREV_CRC,ThirdPartyPrevCrc,NULL,FALSE,NULL,,,,,,,,,,,,,,,,,,,READ,,,,,,,,,,
    FLD_PURPOSE_THIRD_PARTY_CRC,LONG,1,RF_PURPOSE_THIRD_PARTY_CRC,ThirdPartyCrc,NULL,FALSE,NULL,,,,,,,,,,,,,,,,,,,READ,,,,,,,,,,
FLD_PURPOSE_COMPUTE_INFO,AGGR,,NULL,NULL,NULL,FALSE,NULL,,,,,,,,,,,,,,,,,,,,,,,,,,,,,
FLD_PURPOSE_RETURNWISE_DETAILS,AGGR,,NULL,NULL,NULL,TRUE,NULL,,,,,,,,,,,,,,,,,,,,,,,,,,,,,
*INDIRECT,SYSID,,RF_PURPOSE_TYPE,PurposeType,NULL,FALSE,NULL,,,,,,,,,,,,,,,,,,,,,,,,,,,,,
*INDIRECT,SYSID,,RF_SUB_PURPOSE_TYPE,SubPurposeId,NULL,FALSE,NULL,,,,,,,,,,,,,,,,,,,,,,,,,,,,,
*NULL,LONG,,RF_CONTRI_STAT_REC_ID,ContributorId,NULL,FALSE,NULL,,,,,,,,,,,,,,,,,,,,,,,,,,,,,
*NULL,SYSID,,RF_UPDATE_TYPE,UpdateType,NULL,FALSE,NULL,,,,,,,,,,,,,,,,,,,,,,,,,,,,,
*NULL,LONG,,RF_CONTRIBUTOR_VER_ID,ContributorVerId,NULL,FALSE,NULL,,,,,,,,,,,,,,,,,,,,,,,,,,,,,
*NULL,SYSID,,RF_CONTRIBUTOR_CONTENT_ID,ContentQua,NULL,FALSE,NULL,,,,,,,,,,,,,,,,,,,,,,,,,,,,,
*INDIRECT,BOOL,,RF_IS_NETT_CONTRIBUTOR,IsNettContributor,NULL,FALSE,NULL,,,,,,,,,,,,,,,,,,,,TRUE,,,,,,,,,
*NULL,LONG,,RF_CONTRIBUTOR_VCH_ID,ContributorVchId,NULL,FALSE,NULL,,,,,,,,,,,,,,,,,,,,,,,,,,,,,
*NULL,LONG,,RF_ALL_CONTRIBUTORS,AllContributors,NULL,TRUE,NULL,,,,,,,,,,,,,,,,,,,,,,,,,,,,,
*NULL,LONG,,RF_PUR_PARENT_OBJ_TYPE,ParentObjType,NULL,TRUE,NULL,,,,,,,,,,,,,,,,,,,,,,,,,,,,,
*NULL,STR,,RF_GST_NATURE_OF_VOUCHER,GSTNatureOfVoucher, NULL, FALSE, NULL,,,,,,,,,,,,,,,,,,,,,,,,,,,,,
*NULL,AMT,,RF_APPROPRITE_GOODS_QTY_AMT,NULL,NULL,FALSE,NULL,,,,,,,,,,,,,,,,,,,,,,,,,,,,,
*NULL,AMT,,RF_APPROPRITE_GOODS_VALUE_AMT,NULL,NULL,FALSE,NULL,,,,,,,,,,,,,,,,,,,,,,,,,,,,,
*NULL,AMT,,RF_APPROPRITE_SERVICE_VALUE_AMT,NULL,NULL,FALSE,NULL,,,,,,,,,,,,,,,,,,,,,,,,,,,,,
*NULL,AMT,,RF_APPROPRITE_BOTH_VALUE_AMT,NULL,NULL,FALSE,NULL,,,,,,,,,,,,,,,,,,,,,,,,,,,,,
*NULL,AMT,,RF_APPROPRITE_EXCISE_VALUE_AMT,NULL,NULL,FALSE,NULL,,,,,,,,,,,,,,,,,,,,,,,,,,,,,
*NULL,AMT,,RF_APPROPRITE_DISCOUNT_VALUE_AMT,NULL,NULL,FALSE,NULL,,,,,,,,,,,,,,,,,,,,,,,,,,,,,
*NULL,QTY,,RF_APPROPRITE_GOODS_TOTAL_QTY,NULL,NULL,FALSE,NULL,,,,,,,,,,,,,,,,,,,,,,,,,,,,,
*NULL,AMT,,RF_APPROPRITE_GOODS_TOTAL_VALUE,NULL,NULL,FALSE,NULL,,,,,,,,,,,,,,,,,,,,,,,,,,,,,
*NULL,AMT,,RF_APPROPRITE_SERVICE_TOTAL_VALUE,NULL,NULL,FALSE,NULL,,,,,,,,,,,,,,,,,,,,,,,,,,,,,
*NULL,AMT,,RF_APPROPRITE_EXCISE_GOODS_TOTAL_VALUE,NULL,NULL,FALSE,NULL,,,,,,,,,,,,,,,,,,,,,,,,,,,,,
*NULL,AMT,,RF_APPROPRITE_DISCOUNT_TOTAL_VALUE,NULL,NULL,FALSE,NULL,,,,,,,,,,,,,,,,,,,,,,,,,,,,,
*NULL,AMT,,RF_APPROPRITE_DUMMY_DEP,NULL,NULL,FALSE,NULL,,,,,,,,,,,,,,,,,,,,,,,,,,,,,
*NULL,STR,,RF_OLD_STAT_KEY,OldStatKey,NULL,FALSE,NULL,,,,,,,,,,,,,,,,,,,,,,,,,,,,,
,,,,,,,,,,,,,,,,,,,,,,,,,,,,,,,,,,,,
[GST_RETURNWISE_DETAILS: Gst ReturnWise Details],,,,,,,,,,,,,,,,,,,,,,,,,,,,,,,,,,,,
FLD_GST_RETURNWISE_DETAILS,AGGR,,RF_PURPOSE_RETURNWISE_DETAILS,ReturnWiseDetails,NULL,TRUE,OBJ_RETURNWISE_DETAILS,,,,,,,,,,,,,,,,,,,,,,,,,,,,,
,,,,,,,,,,,,,,,,,,,,,,,,,,,,,,,,,,,,
[RETURNWISE_DETAILS: ReturnWiseDetails],,FALSE,FALSE,FALSE,FALSE,FALSE,FALSE,,,,,,,,,,,,,,,,,,,,,,,,,,,,,
FLD_RETURN_NAME,SYSID,,RF_RET_NAME,ReturnName,NULL,FALSE,NULL,,,,,,,,,,,,,,,,,,,,,,,,,,,,,
FLD_SECTION_NAME,STR,,RF_SECTION_NAME,SectionName,NULL,TRUE,NULL,,,,,,,,,,,,,,,,,,,,,,,,,,,,,
FLD_PURPOSE_EXCHANGE_INFO,AGGR,,NULL,NULL,NULL,FALSE,,,,,,,,,,,,,,,,,,,,,,,,,,,,,,
    FLD_PUR_EXCHANGE_GATEWAY_ID,STR,1,RF_GATEWAY_ID,GatewayId,NULL,FALSE,NULL,,,,,,,,,,,,,,,,,,,,,,,,,,,,,
    FLD_PUR_EXCHANGE_GSTN_TRANS_ID,STR,1,RF_GSTN_TRANS_ID,GSTNTransId,NULL,FALSE,NULL,,,,,,,,,,,,,,,,,,,,,,,,,,,,,
    FLD_PUR_EXCHANGE_GSTN_STATUS,SYSID,1,RF_GSTN_STATUS,GSTNStatus,NULL,FALSE,NULL,,,,,,,,,,,,,,,,,,,,,,,,,,,,,
    FLD_PUR_EXCHANGE_IS_UPLOADED,BOOL,1,RF_IS_GST_UPLOADED,IsGstUploaded,NULL,FALSE,,,,,,,,,,,,,,,,,,,,,,,,,,,,,,
    FLD_GST_UPLOAD_STATUS,SYSID,1,RF_UPLOAD_STATUS,UploadStatus,NULL,FALSE,,,,,,,,,,,,,,,,,,,,,,,,,,,,,,
    FLD_GST_SEND_REASON,STR,1,RF_GST_SEND_REASON,GstSendReason,NULL,FALSE,,,,,,,,,,,,,,,,,,,,,,,,,,,,,,
    FLD_GST_IS_AUTHENTICATED,BOOL,1,RF_GST_IS_AUTHENTICATED,IsAuthenticated,NULL,FALSE,NULL,,,,,,,,,,,,,,,,,,,,,,,,,,,,,
    FLD_GST_COUNTER_PARTY_STATUS,STR,1,RF_GST_COUNTER_PARTY_STATUS,CounterPartyStatus,NULL,FALSE,,,,,,,,,,,,,,,,,,,,,,,,,,,,,,
    FLD_GST_IS_FORCE_UPLOAD,BOOL,1,RF_GST_IS_FORCE_UPLOAD,IsForceUpload,NULL,FALSE,NULL,,,,,,,,,,,,,,,,,,,,,,,,,,,,,
    FLD_GSTN_REJECT_REASON,STR,1,RF_GSTN_REJECT_REASON,GSTNRejectReason,NULL,FALSE,NULL,,,,,,,,,,,,,,,,,,,,,,,,,,,,,
    *NULL,LONG,1,RF_PACKET_ID,PacketId,NULL,FALSE,NULL,,,,,,,,,,,,,,,,,,,,,,,,,,,,,
    *NULL,STR,1,RF_TCS_ID,TCSId,NULL,FALSE,NULL,,,,,,,,,,,,,,,,,,,,,,,,,,,,,
    *NULL,STR,1,RF_GSTN_UPLOAD_TRANS_ID,GSTNUploadTransId,NULL,FALSE,NULL,,,,,,,,,,,,,,,,,,,,,,,,,,,,,
    *NULL,SYSID,1,RF_GSTN_UPLOAD_STATUS,GSTNUploadStatus,NULL,FALSE,NULL,,,,,,,,,,,,,,,,,,,,,,,,,,,,,
    *NULL,SYSID,1,RF_XT_UPLOAD_STATUS,XtUploadStatus,NULL,FALSE,NULL,,,,,,,,,,,,,,,,,,,,,,,,,,,,"// Status which get derived from the exchange transaction details like TCSId, TransId, GSTNStatus etc ",
    *NULL,SYSID,1,RF_EXCHG_STATUS,ExchangeStatus,NULL,FALSE,NULL,,,,,,,,,,,,,,,,,,,,,,,,,,,,// Status gets derived form the Upload status entered by user and the Xt upload status and IsAuthenticated,
    *NULL,BOOL,1,RF_IS_EXPORTED,IsExported,NULL,FALSE,NULL,,,,,,,,,,,,,,,,,,,,,,,,,,,,,
    FLD_GST_MANUAL_STATUS,SYSID,1,RF_GST_MANUAL_STATUS,GstManualStatus,NULL,FALSE,NULL,,,,,,,,,,,,,,,,,,,,,,,,,,,,,
    FLD_PUR_EXCHANGE_IS_SIGNED,BOOL,1,RF_IS_SIGNED,IsSigned,NULL,FALSE,NULL,,,,,,,,,,,,,,,,,,,,,,,,,,,,,
,,,,,,,,,,,,,,,,,,,,,,,,,,,,,,,,,,,,
FLD_PURPOSE_RECON_INFO,AGGR,,NULL,NULL,NULL,FALSE,NULL,,,,,,,,,,,,,,,,,,,,,,,,,,,,,
    FLD_PUR_RECON_IS_RECONCILED,BOOL,1,RF_IS_RECONCILED,IsReconciled,NULL,FALSE,NULL,,,,,,,,,,,,,,,,,,,,,,,,,,,,,
    FLD_PUR_RECON_VCHCHECKSUM,STR,1,RF_PUR_RECON_VCHCHECKSUM,VchCheckSum,NULL,FALSE,NULL,,,,,,,,,,,,,,,,,,,,,,,,,,,,,
    FLD_GST_RECON_STATUS,STR,1,RF_RECON_STATUS,ReconStatus,NULL,FALSE,,,,,,,,,,,,,,,,,,,,,,,,,,,,,,
    FLD_GST_IGNORE_FOR_REC,BOOL,1,RF_IGNORE_FOR_REC,IgnoreforRecon,NULL,FALSE,,,,,,,,,,,,,,,,,,,,,,,,,,,,,,
    FLD_PUR_RECON_CP_STATUS,SYSID,1,RF_PUR_RECON_CP_STATUS,ReconCPStatus,NULL,FALSE,NULL,,,,,,,,,,,,,,,,,,,,,,,,,,,,,
,,,,,,,,,,,,,,,,,,,,,,,,,,,,,,,,,,,,
[GST_USER: GstUser],,FALSE,,,,,,,,,,,,,,,,,,,,,,,,,,,,,,,,,,
FLD_PUR_IS_OVERRIDDEN,BOOL,,NULL,NULL,NULL,FALSE,NULL,,,,,,,,,,,,,,,,,,,,,,,,,,,,,
FLD_GST_APPLICABLE_DATE,DATE,,RF_DATE,Date,NULL,FALSE,NULL,,,,,,,,,,,,,,,,,,,,TRUE,,,,,,,, //  Date on which this voucher is 'applied' .. typically the same as Date of Entry,
FLD_GST_VCH_TYPE,MSTID,,RF_VCHTYPE_NAME,Voucher Type Name,NULL,FALSE,NULL, OBJ_VCHTYPE                                                ,,,,,,,,,,,,,,,,,,,,,,,,,,,,
FLD_GST_IS_ON_HOLD,BOOL,,RF_IS_ON_HOLD,IsOnHold,TV_FALSE,FALSE,NULL,,,,,,,,,,,,,,,,,,,,,,,,,,,,,
FLD_GST_PARTY_ID,MSTID,,RF_PARTY_LEDGER_NAME,Party Ledger Name,NULL,FALSE,NULL, OBJ_LEDGER,,,,,,,,,,,,,,,,,,,,,,,,,,, //    The Party's ID (useful during invoices ... becomes part of VchEntry automatically) ,
FLD_GST_IS_EXT_DATE,BOOL,,RF_IS_EXT_DATA,IsExternalData,NULL,FALSE,,,,,,,,,,,,,,,,,,,,,,,,,,,,,,
FLD_GST_EXCLUDED_TAXATION,AGGR,,RF_TDS_TRI_EXCLUDED_TAXATION,ExcludedTaxations,NULL,TRUE,OBJ_TDS_TRI_EXCLUDED_TAXATION,,,,,,,,,,,,,,,,,,,,,,,,,,,,,
FLD_GST_REGISTRATION,MSTID,,RF_GST_TAX_UNIT,GSTRegistration,NULL,FALSE,NULL,OBJ_TAX_UNIT,,,,,,,,,,,,,,,,,,,,,,,,,,,,
FLD_PUR_USER_CRC,LONG,,RF_PUR_USER_CRC,VoucherPvCrc, NULL, FALSE, NULL,,,,,,,,,,,,,,,,,,,READ,,,,,,,,,,
FLD_TO_BE_REMOVED,STR,,NULL,NULL, NULL, FALSE, NULL,,,,,,,,,,,,,,,,,,,,,,,,,,,,,
FLD_GST_FINANCIAL_PERIOD,DATE,,RF_GST_FINANCIAL_PERIOD,FPDate,NULL,FALSE,NULL,,,,,,,,,,,,,,,,,,,,,,,,,,,,,
FLD_GST_API_MAP,STR,,RF_GST_API_MAP,API Map,NULL,FALSE,NULL,,,,,,,,,,,,,,,,,,,,,,,,,,,,,
FLD_GST_ASSES_VAL_AMT,NUM,,RF_ASSESS_VAL,AssessableValue,NULL,FALSE,NULL,,,,,,,,,,,,,,,,,,,,,,,,,,,,,
FLD_GST_APPLICABLE_STATUS,BOOL,,RF_GST_IS_APPLICABLE,IsApplicableStatus,NULL,FALSE,NULL,,,,,,,,,,,,,,,,,,,,,,,,,,,,,
FLD_GST_GSTIN,STR,,RF_GST_GSTIN,Gstin,NULL,FALSE,NULL,,,,,,,,,,,,,,,,,,,,,,,,,,,,,
FLD_GST_NIL_SUMMARY_DETAILS,AGGR,,RF_NIL_SUMMARY_DETAILS,NilSummaryDetails,NULL,TRUE,OBJ_NIL_SUMMARY_DETAILS,,,,,,,,,,,,,,,,,,,,,,,,,,,,,
FLD_SUM_DET_STATE_NAME,STR,,RF_STATE_NAME,StateName,NULL,FALSE,NULL,,,,,,,,,,,,,,,,,,,,,,,,,,,,,
FLD_SUM_DET_PERIOD_FROM_DATE,DATE,,RF_RETURN_PERIOD_FROM_DATE,ReturnPeriodFromDate,NULL,FALSE,NULL,,,,,,,,,,,,,,,,,,,,,,,,,,,,,
FLD_SUM_DET_PERIOD_TO_DATE,DATE,,RF_RETURN_PERIOD_TO_DATE,ReturnPeriodToDate,NULL,FALSE,NULL,,,,,,,,,,,,,,,,,,,,,,,,,,,,,
FLD_SUM_DET_RETURN_TYPE,SYSID,,RF_RETURN_TYPE,ReturnType,NULL,FALSE,NULL,,,,,,,,,,,,,,,,,,,,,,,,,,,,,
FLD_SUM_DET_SUMMARY_TYPE,SYSID,,RF_SUMMARY_TYPE,SummaryType,NULL,FALSE,NULL,,,,,,,,,,,,,,,,,,,,,,,,,,,,,
FLD_SUM_DET_ECOMMERCE_TYPE,BOOL,,RF_IS_ECOMMERCE_TYPE,IsECommerceType,NULL,FALSE,NULL,,,,,,,,,,,,,,,,,,,,,,,,,,,,,
FLD_PUR_COMPUTE_RET_NAME,SYSID,,RF_RET_NAME,ReturnName,NULL,FALSE,,,,,,,,,,,,,,,,,,,,,,,,,,,,,,
FLD_PUR_COMPUTE_SECTION_NAME,STR,,RF_SECTION_NAME,SectionName,,FALSE,,,,,,,,,,,,,,,,,,,,,,,,,,,,,,
FLD_GST_SUMMARY_CONTRIBUTOR,AGGR,,RF_SUMMARY_CONTRIBUTOR,SummaryContributor,NULL,TRUE,OBJ_SUMMARY_CONTRIBUTOR,,,,,,,,,,,,,,,,,,,,,,,,,,,,,
FLD_GST_SUMMARY_DIRTY_CTR,LONG,,RF_SUM_DIRTY_CTR,SummaryDirtyCtr,NULL,FALSE,NULL,,,,,,,,,,,,,,,,,,,,,,,,,,,,,
FLD_GST_GST_ACTIVITY_STATUS,SYSID,,RF_GST_ACTIVITY_STATUS,GSTActivityStatus,NULL,FALSE,NULL,,,,,,,,,,,,,,,,,,,,,,,,,,,,,
FLD_PUR_IS_OPTIONAL,BOOL,,RF_IS_OPTIONAL,IsOptional, TV_FALSE, FALSE, NULL,,,,,,,,,,,,,,,,,,,,,,,,,,,, //  whether OPTIONAL (user selected),
FLD_VOUCHER_PV_PREV_CRC,LONG,,RF_VOUCHER_PV_PREV_CRC,VoucherPvPrevCrc,NULL,FALSE,NULL,,,,,,,,,,,,,,,,,,,READ,,,,,,,,,,
FLD_PUR_SCHEMA_VERSION_NO,LONG,,RF_PUR_SCHEMA_VERSION_NO,SchemaVersionNo,NULL,FALSE,NULL,,,,,,,,,,,,,,,,,,,READ,TRUE,,,,,,,,,
FLD_GST_RETURN_DETAILS,AGGR,,RF_RETURN_DETAILS,ReturnDetails,,TRUE,OBJ_RETURN_DETAILS,,,,,,,,,,,,,,,,,,,,,,,,,,,,,
FLD_GST_ON_HOLD_REASON,STR,,RF_GST_ON_HOLD_REASON,OnHoldReason,NULL,FALSE,NULL,,,,,,,,,,,,,,,,,,,,,,,,,,,,,
FLD_GST_EXCLUDE_REASON,STR,,RF_GST_EXCLUDE_REASON,ExcludeReason,NULL,FALSE,NULL,,,,,,,,,,,,,,,,,,,,,,,,,,,,,
FLD_GST_RET_TRANS_SIGNED_STATUS,SYSID,,RF_RET_TRANS_SIGNED_STATUS,SignedStatus,NULL,FALSE,NULL,,,,,,,,,,,,,,,,,,,,,,,,,,,,,
FLD_GST_REFERENCE_NUMBER,STR,,RF_REFERENCE_NUMBER,Reference Number,NULL,FALSE,NULL,,,,,,,,,,,,,,,,,,,,,,,,,,,,,
FLD_GST_DOC_TYPE,SYSID,,RF_DOC_TYPE,DocType,NULL,FALSE,NULL,,,,,,,,,,,,,,,,,,,,,,,,,,,,//Specify document type - Incoming / outgoing,
FLD_GST_IS_SYSTEM_SUMMARY,BOOL,,RF_IS_SYSTEM_SUMMARY,IsSystemSummary,NULL,FALSE,NULL,,,,,,,,,,,,,,,,,,,,,,,,,,,,//Flag to indiciate if this transction represents system summary,
FLD_GST_INVOICE_VALUE,NUM,,RF_INVOICE_VALUE,InvoiceValue,NULL,FALSE,NULL,,,,,,,,,,,,,,,,,,,,,,,,,,,,,
FLD_GST_PARTY_DISPLAY_NAME,STR,,RF_PARTY_DISPLAY_NAME,Party Display Name,NULL,FALSE,NULL,,,,,,,,,,,,,,,,,,,,,,,,,,,,,
FLD_GST_VCH_NUMBER,STR,,RF_TALLY_VCH_NUMBER,Tally Voucher Number,NULL,FALSE,NULL,,,,,,,,,,,,,,,,,,,,,,,,,,,,,
FLD_GST_CTIN,STR,,RF_TALLY_CTIN,Tally Ctin,NULL,FALSE,NULL,,,,,,,,,,,,,,,,,,,,,,,,,,,,,
FLD_GST_NT_NUM,STR,,RF_TALLY_NT_NUM,Tally NT Num,NULL,FALSE,NULL,,,,,,,,,,,,,,,,,,,,,,,,,,,,,
FLD_GST_BILL_ENTRY_NUM,STR,,RF_TALLY_BILL_ENTRY_NUM,Tally Bill Entry Num,NULL,FALSE,NULL,,,,,,,,,,,,,,,,,,,,,,,,,,,,,
FLD_GST_POS,STR,,RF_TALLY_POS,Tally POS,NULL,FALSE,NULL,,,,,,,,,,,,,,,,,,,,,,,,,,,,,
FLD_GST_ETIN,STR,,RF_TALLY_ETIN,Tally Etin,NULL,FALSE,NULL,,,,,,,,,,,,,,,,,,,,,,,,,,,,,
FLD_GST_SGST_AMT,NUM,,RF_SGST_AMT,SGSTAmt,NULL,FALSE,NULL,,,,,,,,,,,,,,,,,,,,,,,,,,,,,
FLD_GST_CGST_AMT,NUM,,RF_CGST_AMT,CGSTAmt,NULL,FALSE,NULL,,,,,,,,,,,,,,,,,,,,,,,,,,,,,
FLD_GST_IGST_AMT,NUM,,RF_IGST_AMT,IGSTAmt,NULL,FALSE,NULL,,,,,,,,,,,,,,,,,,,,,,,,,,,,,
FLD_GST_CESS_AMT,NUM,,RF_CESS_AMT,CessAmt,NULL,FALSE,NULL,,,,,,,,,,,,,,,,,,,,,,,,,,,,,
FLD_GST_IS_NON_UPLOADABLE,BOOL,,RF_IS_NON_UPLOADABLE,IsNonUploadable,NULL,FALSE,NULL,,,,,,,,,,,,,,,,,,,,,,,,,,,,,
FLD_PUR_IS_DELETED,BOOL,,RF_PUR_IS_DELETED,IsPurposeDeleted,NULL,FALSE,NULL,,,,,,,,,,,,,,,,,,,,,,,,,,,,,
FLD_PUR_CONTRIBUTOR_MISSING,BOOL,,RF_CONTRIBUTOR_MISSING,IsContributorMissing,NULL,FALSE,NULL,,,,,,,,,,,,,,,,,,,,,,,,,,,,,
FLD_GST_TAX_ADJUSTMENT,SYSID,,RF_TAX_ADJUSTMENT, TaxAdjustment,NULL,FALSE,NULL,,,,,,,,,,,,,,,,,,,,,,,,,,,,,
FLD_GST_ADJUSTMENT_DETAILS,AGGR,,RF_ADJUMENT_DET,Adjustment Details,NULL,TRUE,OBJ_ADJUSTMENT_DETAILS,,,,,,,,,,,,,,,,,,,,,,,,,,,,,
FLD_GST_IS_POT_ITC_EXCLUDED,BOOL,,RF_IS_POT_ITC_EXCLUDED,IsPotentialITCExcluded,NULL,FALSE,NULL,,,,,,,,,,,,,,,,,,,,,,,,,,,,,
FLD_PURPOSE_ONLY_CONTRIBUTOR_ID,LONG,,RF_PUR_ONLY_CONTRIBUTOR_ID,OnlyContributorId,NULL,FALSE,NULL,,,,,,,,,,,,,,,,,,,READ,,,,,,,,,,
FLD_GST_NATURE_WISE_DETAILS,AGGR,,RF_NATURE_WISE_DETAILS,NatureWiseDetails,NULL,TRUE,OBJ_NATURE_WISE_DETAILS,,,,,,,,,,,,,,,,,,,,,,,,,,,,,
FLD_GST_IS_MANUAL_EXCLUDED,BOOL,,RF_IS_MANUAL_EXCLUDED,IsManualExcluded,NULL,FALSE,NULL,,,,,,,,,,,,,,,,,,,,,,,,,,,,,
FLD_GST_EWAYBILL_DETAILS,AGGR,,RF_EWAYBILL_DETAILS,eWayBill Details,NULL,TRUE,OBJ_EWAYBILL_DETAILS,,,,,,,,,,,,,,,,,,,,,,,,,,,,,
FLD_GST_PARTY_STATE_NAME,STR,,RF_PARTY_STATE_NAME,PartyStateName,NULL,FALSE,NULL,,,,,,,,,,,,,,,,,,,,,,,,,,,,,
FLD_PUR_SCHEMA_VERSION_DATE,DATE,,RF_PUR_SCHEMA_VERSION_DATE,SchemaVersionDate,NULL,FALSE,NULL,,,,,,,,,,,,,,,,,,,READ,TRUE,,,,,,,,,
FLD_PUR_IS_ITC_VOUCHER,BOOL,,RF_PUR_IS_ITC_VOUCHER,IsITCVoucher,NULL,FALSE,NULL,,,,,,,,,,,,,,,,,,,,,,,,,,,,,
FLD_PUR_REFERENCE_DATE,DATE,,RF_VAT_REFERENCEDATE,ReferenceDate,NULL,FALSE,NULL,,,,,,,,,,,,,,,,,,,,,,,,,,,,,
FLD_PUR_DOCUMENT_TYPE,SYSID,,RF_DOCUMENT_TYPE,DocumentType,NULL,FALSE,NULL,,,,,,,,,,,,,,,,,,,,,,,,,,,,,
FLD_PUR_BUYER_ADDRESS_TYPE,STR,,RF_VCH_BUYER_ADDR_TYPE,BuyerAddressType,NULL,FALSE,NULL,,,,,,,,,,,,,,,,,,,,,,,,,,,,,
FLD_PUR_GST_REGISTRATION_TYPE,SYSID,,RF_GST_REGISTRATION_TYPE,GSTRegistrationType,NULL,FALSE,NULL,,,,,,,,,,,,,,,,,,,,,,,,,,,,,
FLD_PUR_COUNTRY_RES,STR,,RF_CNTRY_RES,CountryofResidence,NULL,FALSE,NULL,,,,,,,,,,,,,,,,,,,,,,,,,,,,,
FLD_PUR_IS_BOE_NOT_APPLICABLE,BOOL,,RF_IS_BOE_NOT_APPLICABLE,IsBOENotApplicable,NULL,FALSE,NULL,,,,,,,,,,,,,,,,,,,,,,,,,,,,,
FLD_PUR_PORT_CODE,STR,,RF_PORT_CODE,PortCode,NULL,FALSE,NULL,,,,,,,,,,,,,,,,,,,,,,,,,,,,,
FLD_PUR_SHIPPING_BILL_NO,STR,,RF_VAT_SHIPPINGBILLNO,ShippingBillNo,NULL,FALSE,NULL,,,,,,,,,,,,,,,,,,,,,,,,,,,,,
FLD_PUR_SHIPPING_BILL_DATE,DATE,,RF_VAT_SHIPPINGBILLDATE  ,ShippingBillDate,NULL,FALSE,NULL,,,,,,,,,,,,,,,,,,,,,,,,,,,,,
FLD_PUR_BILL_OF_ENTRY_NO,STR,,RF_VAT_BILLOFENTRYNO,BillofEntryNo,NULL,FALSE,NULL,,,,,,,,,,,,,,,,,,,,,,,,,,,,,
FLD_PUR_BILL_OF_ENTRY_DATE,DATE,,RF_VAT_BILLOFENTRYDATE,BillofEntryDate,NULL,FALSE,NULL,,,,,,,,,,,,,,,,,,,,,,,,,,,,,
FLD_PUR_VAT_PARTY_TRANS_RET_NUM,STR,,RF_VAT_PARTY_TRANS_RET_NUM,VATPartyTransReturnNumber,NULL,FALSE,NULL,,,,,,,,,,,,,,,,,,,,,,,,,,,,,
FLD_PUR_VAT_PARTY_TRANS_RET_DATE,DATE,,RF_VAT_PARTY_TRANS_RET_DATE,VATPartyTransReturnDate,NULL,FALSE,NULL,,,,,,,,,,,,,,,,,,,,,,,,,,,,,
FLD_PUR_LED_ENTRIES, AGGR,,RF_LED_ENTRIES,Ledger Entries, NULL, TRUE, OBJ_LED_ENTRY,,,,,,,,,,,,,,,,,,,,,,,,,,,,,
FLD_PUR_INV_ENTRIES, AGGR,, RF_INV_ENTRIES,All Inventory Entries, NULL, TRUE, OBJ_INV_ENTRY,,,,,,,,,,,,,,,,,,,,,,,,,,,,,
FLD_PUR_PLACE_OF_SUPPLY,STR,,RF_PLACE_OF_SUPPLY,Place of Supply,NULL,FALSE,NULL,,,,,,,,,,,,,,,,,,,,,,,,,,,,,
FLD_CMP_GST_REG_TYPE,STR,,RF_CMP_GST_REGISTRATION_TYPE,CMPGSTRegistrationtype,NULL,FALSE,NULL,,,,,,,,,,,,,,,,,,,,,,,,,,,,,
FLD_URF_ORIG_SALE_VAL,SYSID,,RF_URD_ORIGINAL_SALE_VALUE,URDOriginalSaleValue,NULL,FALSE,NULL,,,,,,,,,,,,,,,,,,,,,,,,,,,,,
FLD_GST_NATURE_OF_RET,STR,,RF_GST_NATURE_OF_RETURN,GSTNatureofReturn,NULL,FALSE,NULL,,,,,,,,,,,,,,,,,,,,,,,,,,,,,
FLD_IS_GST_LUT_APPLICABLE,BOOL,,RF_IS_GST_LUT_APPLICABLE,IsGSTLUTApplicable,FALSE,FALSE,NULL,,,,,,,,,,,,,,,,,,,,,,,,,,,,,
FLD_GST_LUT_NUMBER,STR,,RF_GST_LUT_NUMBER,GSTLUTNumber,NULL,FALSE,NULL,,,,,,,,,,,,,,,,,,,,,,,,,,,,,
FLD_ORIG_VCH_NUMBER,STR,,RF_ORIGINALVCHNUMBER,OriginalVchNumber,NULL,FALSE,NULL,,,,,,,,,,,,,,,,,,,,,,,,,,,,,
FLD_ORIG_VCH_DATE,DATE,,RF_ORIGINALVCHDATE,OriginalVchDate,NULL,FALSE,NULL,,,,,,,,,,,,,,,,,,,,,,,,,,,,,
FLD_PUR_RETAIN_STAT,BOOL,,RF_RETAIN_STAT,RetainStat,NULL,FALSE,NULL,,,,,,,,,,,,,,,,,,,,,,,,,,,,,
FLD_PUR_VOUCHER_DATE,DATE,,RF_VCH_DATE,VoucherDate,NULL,FALSE,NULL,,,,,,,,,,,,,,,,,,,,,,,,,,,,,
FLD_PUR_IS_SUMMARY,BOOL,,RF_IS_SUMMARY,IsSummary,NULL,FALSE,NULL,,,,,,,,,,,,,,,,,,,,,,,,,,,,,
FLD_GST_PARTY_REGISTRATION_TYPE,STR,,RF_PARTY_REGISTRATION_TYPE,OriginalGSTRegistrationType,NULL,FALSE,NULL,,,,,,,,,,,,,,,,,,,,,,,,,,,,,
FLD_PUR_INVOICE_TYPE,STR,,RF_INVOICE_TYPE,OriginalInvoiceType,NULL,FALSE,NULL,,,,,,,,,,,,,,,,,,,,,,,,,,,,,
FLD_PUR_IS_REVERSE_CHARGE_APPLICABLE,BOOL,,RF_IS_REVERSE_CHARGE_APPLICABLE,OriginalIsRevCharge,NULL,FALSE,NULL,,,,,,,,,,,,,,,,,,,,,,,,,,,,,
FLD_PUR_ORIGINAL_PLACE_OF_SUPPLY,STR,,RF_ORIGINAL_PLACE_OF_SUPPLY,OriginalPlaceofSupply,NULL,FALSE,NULL,,,,,,,,,,,,,,,,,,,,,,,,,,,,,
FLD_PUR_RETURN_PERIOD,DATE,,RF_RETURN_PERIOD,OriginalReturnPeriod,NULL,FALSE,NULL,,,,,,,,,,,,,,,,,,,,,,,,,,,,,
FLD_PUR_ORIGINAL_NOTE_TYPE,STR,,RF_ORIGINAL_NOTE_TYPE,OriginalNoteType,NULL,FALSE,NULL,,,,,,,,,,,,,,,,,,,,,,,,,,,,,
FLD_PUR_USER_UNCERTAIN_DETAILS,AGGR,,RF_USER_UNCERTAIN,UserUncertainDetails,NULL,TRUE,OBJ_UNCERTAIN_DETAILS,,,,,,,,,,,,,,,,,,,,,,,,,,,,,
FLD_PUR_ORIG_TAX_RATE_DETAILS,AGGR,,RF_ORIGINAL_TAX_RATE_DETAILS,OriginalTaxRateDetails,NULL,TRUE,OBJ_ORIG_TAX_RATE_DETAILS,,,,,,,,,,,,,,,,,,,,,,,,,,,,,
FLD_PUR_IS_FPDATE_CHANGED,BOOL,,RF_PUR_IS_FPDATE_CHANGED,IsFpDateChanged,NULL,FALSE,NULL,,,,,,,,,,,,,,,,,,,,,,,,,,,,,
FLD_PUR_SEC_VER_NUM,LONG,,RF_PUR_SEC_VER_NUM,SectionVersionNo,NULL,FALSE,NULL,,,,,,,,,,,,,,,,,,,READ,TRUE,,,,,,,,,
FLD_PUR_ESCALATION_TYPE,SYSID,,RF_PUR_ESCALATION_TYPE,EscalationType,NULL,FALSE,NULL,,,,,,,,,,,,,,,,,,,,,,,,,,,,,
,,,,,,,,,,,,,,,,,,,,,,,,,,,,,,,,,,,,
[GST_COMPUTE: GstCompute],,FALSE,,,,,,,,,,,,,,,,,,,,,,,,,,,,,,,,,,
FLD_PUR_COMPUTE_IS_INCLUDED,BOOL,,RF_IS_INCLUDED,IsIncluded,NULL,FALSE,NULL,,,,,,,,,,,,,,,,,,,,,,,,,,,,,
FLD_PUR_COMPUTE_IS_EXCLUDED,BOOL,,RF_IS_EXCLUED,IsExcluded,NULL,FALSE,NULL,,,,,,,,,,,,,,,,,,,,,,,,,,,,,
FLD_PUR_COMPUTE_IS_EXCEPTION,BOOL,,RF_IS_EXCEPTION,IsException,NULL,FALSE,NULL,,,,,,,,,,,,,,,,,,,,,,,,,,,,,
FLD_PUR_COMPUTE_IS_PENDING,BOOL,,RF_IS_PENDING,IsPending,NULL,FALSE,NULL,,,,,,,,,,,,,,,,,,,,,,,,,,,,,
FLD_PUR_COMPUTE_GSTN_REJ_REASON,STR,,RF_PUR_COMPUTE_GSTN_REJ_REASON,GSTNRejectionReason,NULL,FALSE,NULL,,,,,,,,,,,,,,,,,,,,,,,,,,,,,
FLD_PUR_COMPUTE_IS_UNCERATIN,BOOL,,RF_IS_UNCERTAIN,IsUncertain,,FALSE,,,,,,,,,,,,,,,,,,,,,,,,,,,,,,
FLD_PUR_COMPUTE_UNCERTAIN_DETAILS,AGGR,,RF_UNCERTAIN,UncertainDetails,,TRUE,OBJ_UNCERTAIN_DETAILS,,,,,,,,,,,,,,,,,,,,,,,,,,,,,
FLD_PUR_COMPUTE_CRC,LONG,,RF_PUR_COMPUTE_CRC,ComputeCRC,NULL,FALSE,NULL,,,,,,,,,,,,,,,,,,,READ,,,,,,,,,,
FLD_PUR_COMPUTE_UNCERTAIN_GROUP,AGGR,,RF_UNCERTAIN_GROUP,UncertainGroup,,TRUE,OBJ_UNCERTAIN_GROUP,,,,,,,,,,,,,,,,,,,,,,,,,,,,,
FLD_PUR_COMPUTE_ALTVCHID,LONG,,NULL,NULL,NULL,FALSE,NULL,,,,,,,,,,,,,,,,,,,,,,,,,,,,,
FLD_GST_SGST_EXP_AMT,NUM,,RF_SGST_EXP_AMT,SGSTExpectedAmt,NULL,FALSE,NULL,,,,,,,,,,,,,,,,,,,,,,,,,,,,,
FLD_GST_CGST_EXP_AMT,NUM,,RF_CGST_EXP_AMT,CGSTExpectedAmt,NULL,FALSE,NULL,,,,,,,,,,,,,,,,,,,,,,,,,,,,,
FLD_GST_IGST_EXP_AMT,NUM,,RF_IGST_EXP_AMT,IGSTExpectedAmt,NULL,FALSE,NULL,,,,,,,,,,,,,,,,,,,,,,,,,,,,,
FLD_GST_CESS_EXP_AMT,NUM,,RF_CESS_EXP_AMT,CessExpectedAmt,NULL,FALSE,NULL,,,,,,,,,,,,,,,,,,,,,,,,,,,,,
,,,,,,,,,,,,,,,,,,,,,,,,,,,,,,,,,,,,
[UNCERTAIN_DETAILS: UncertainDetails],,FALSE,,,,,,,,,,,,,,,,,,,,,,,,,,,,,,,,,,
FLD_UNCERTAIN_REASON,STR,,RF_UNCERTAIN_REASON,UncertainReason,,FALSE,,,,,,,,,,,,,,,,,,,,,,,,,,,,,,
FLD_UNCERTAIN_CODE,STR,,RF_UNCERTAIN_CODE,UncertainCode,,FALSE,,,,,,,,,,,,,,,,,,,,,,,,,,,,,,
,,,,,,,,,,,,,,,,,,,,,,,,,,,,,,,,,,,,
[UNCERTAIN_GROUP: UncertainGroup],,FALSE,,,,,,,,,,,,,,,,,,,,,,,,,,,,,,,,,,
FLD_UNCERTAIN_GROUP_CODE,STR,,RF_UNCERTAIN_CODE,UncertainCode,,FALSE,,,,,,,,,,,,,,,,,,,,,,,,,,,,,,
,,,,,,,,,,,,,,,,,,,,,,,,,,,,,,,,,,,,
[RETURN_DETAILS: ReturnDetails],,FALSE,,,,,,,,,,,,,,,,,,,,,,,,,,,,,,,,,,
FLD_PUR_RET_RET_NAME,SYSID,,RF_RET_NAME,ReturnName,NULL,FALSE,NULL,,,,,,,,,,,,,,,,,,,,,,,,,,,,,
FLD_PUR_RET_SECTION_NAME,STR,,RF_SECTION_NAME,SectionName,NULL,FALSE,NULL,,,,,,,,,,,,,,,,,,,,,,,,,,,,,
,,,,,,,,,,,,,,,,,,,,,,,,,,,,,,,,,,,,
[SUMMARY_CONTRIBUTOR:SummaryContributor,,,FALSE,FALSE,FALSE,FALSE,FALSE,,,,,,,,,,,,,],,,,,,,,,,,,,,,,
FLD_SUM_CONTRI_VCH_ID,LONG,,RF_CONTRI_VCHID,ContriVchId,NULL,FALSE,NULL,,,,,,,,,,,,,,,,,,,,,,,,,,,,,
FLD_SUM_CONTRI_STAT_VERSION,LONG,,RF_CONTRIBUTOR_VERSION,ContributorVersion,NULL,FALSE,NULL,,,,,,,,,,,,,,,,,,,,,,,,,,,,,
FLD_SUM_CONTRI_IS_DIRTY,BOOL,,RF_CONTRIBUTOR_IS_DIRTY,ContributorIsDirty,NULL,FALSE,NULL,,,,,,,,,,,,,,,,,,,,,,,,,,,,,
FLD_SUM_CONTRI_IS_DELETED,BOOL,,RF_CONTRIBUTOR_IS_DELETED,ContributorIsDeleted,NULL,FALSE,NULL,,,,,,,,,,,,,,,,,,,,,,,,,,,,,
FLD_SUM_CONTRI_VCH_VER_ID,LONG,,RF_VCH_VER_NUM,ContributorVchVerNum,NULL,FALSE,NULL,,,,,,,,,,,,,,,,,,,,,,,,,,,,,
FLD_SUM_CONTRI_STAT_ID,LONG,,RF_CONTRI_STAT_REC_ID,ContributorId,NULL,FALSE,NULL,,,,,,,,,,,,,,,,,,,,,,,,,,,,,
FLD_SUM_CONTRI_CONTENT_QUA,SYSID,,RF_CONTRI_VCH_CONTENT_QUA,ContriVchContentQua,NULL,FALSE,NULL,,,,,,,,,,,,,,,,,,,,,,,,,,,,,
,,,,,,,,,,,,,,,,,,,,,,,,,,,,,,,,,,,,
[NIL_SUMMARY_DETAILS : Nil Summary Details,,,FALSE,FALSE,FALSE,FALSE,FALSE,,,,,,,,,,,,,],,,,,,,,,,,,,,,,
  FLD_NIL_SUM_SUPPLY_TYPE,SYSID,,RF_SPLY_TY,sply_ty,NULL,FALSE,NULL,,,,,,,,,,,,,,,,,,,,,,,,,,,,,
  FLD_NIL_SUM_NIL_RATED_VAL,AMT,,RF_NIL_AMT,nil_amt,NULL,FALSE,NULL,,,,,,,,,,,,,,,,,,,,,,,,,,,,,
  FLD_NIL_SUM_EXMPTD_VAL,AMT,,RF_EXPT_AMT,expt_amt,NULL,FALSE,NULL,,,,,,,,,,,,,,,,,,,,,,,,,,,,,
  FLD_NIL_SUM_NON_GST_VAL,AMT,,RF_NGSUP_AMT,ngsup_amt,NULL,FALSE,NULL,,,,,,,,,,,,,,,,,,,,,,,,,,,,,
  FLD_NIL_SUM_HSN_CODE,STR,,RF_HSN_CODE,HSNCode,NULL,FALSE,NULL,,,,,,,,,,,,,,,,,,,,,,,,,,,,,
  FLD_NIL_SUM_UQC,STR,,RF_UQC,UQC,NULL,FALSE,NULL,,,,,,,,,,,,,,,,,,,,,,,,,,,,,
  FLD_NIL_SUM_QTY,NUM,,RF_SUMM_QTY,SummQuantity,NULL,FALSE,NULL,,,,,,,,,,,,,,,,,,,,,,,,,,,,,
  FLD_NIL_SUM_CESS_RATE,NUM,,RF_CESS_RATE,CessRate,NULL,FALSE,NULL,,,,,,,,,,,,,,,,,,,,,,,,,,,,,
  FLD_NIL_SUM_CD_AMT,AMT,,RF_CD_AMT,cpddr,NULL,FALSE,NULL,,,,,,,,,,,,,,,,,,,,,,,,,,,,,
  FLD_NIL_SUM_EXMPT_AMT,AMT,,RF_EXMPT_AMT,exptdsply,NULL,FALSE,NULL,,,,,,,,,,,,,,,,,,,,,,,,,,,,,
  FLD_NIL_SUM_NGSPLY_AMT,AMT,,RF_NGSPLY_AMT,ngsply,NULL,FALSE,NULL,,,,,,,,,,,,,,,,,,,,,,,,,,,,,
  FLD_NIL_SUM_NIL_SPLY_AMT,AMT,,RF_NILSPLY_AMT,nilsply,NULL,FALSE,NULL,,,,,,,,,,,,,,,,,,,,,,,,,,,,,
  FLD_NIL_SUM_SECTION_NAME,STR,,RF_SECTION_NAME,SectionName,NULL,FALSE,NULL,,,,,,,,,,,,,,,,,,,,,,,,,,,,,
,,,,,,,,,,,,,,,,,,,,,,,,,,,,,,,,,,,,
;;object used for eWayBill thresh-hold details,,,,,,,,,,,,,,,,,,,,,,,,,,,,,,,,,,,,
[THRESHOLD_DET],,FALSE,FALSE,FALSE,FALSE,FALSE,RF_APP_PERIOD_FROM,,,,,,,,,,,,,,,,,,,,,,,,,,,,,
*INDIRECT,DATE,,RF_APP_PERIOD_FROM,ApplicableFrom,NULL,FALSE,NULL,,,,,,,,,,,,,,,,,,,,,,,,,,,,,
FLD_THREASHOLD_AMOUNT,AMT,,RF_AMOUNT,Amount,NULL,FALSE,NULL,,,,,,,,,,,,,,,,,,,,,,,,,,,,,
,,,,,,,,,,,,,,,,,,,,,,,,,,,,,,,,,,,,
;;object used for Return Periodicity details,,,,,,,,,,,,,,,,,,,,,,,,,,,,,,,,,,,,
[RET_PERIODICITY_DET],,FALSE,FALSE,FALSE,FALSE,FALSE,RF_APP_PERIOD_FROM,,,,,,,,,,,,,,,,,,,,,,,,,,,,,
*INDIRECT,DATE,,RF_APP_PERIOD_FROM,ApplicableFrom,NULL,FALSE,NULL,,,,,,,,,,,,,,,,,,,,,,,,,,,,119,
FLD_RET_DETAILS,AGGR,,RF_RETURN_DETAILS,ReturnDetails,NULL,TRUE,OBJ_RETURN_PERIOD_DETAILS,,,,,,,,,,,,,,,,,,,,,,,,,, ,,120,
,,,,,,,,,,,,,,,,,,,,,,,,,,,,,,,,,,,,
[RETURN_PERIOD_DETAILS],,FALSE,FALSE,FALSE,FALSE,FALSE,,,TRUE,RF_RET_NAME,,,,,,,,,,,,,,,,,,,,,,,,,,
FLD_RET_NAME,SYSID,,RF_RET_NAME,ReturnName,NULL,FALSE,NULL,,,,,,,,,,,,,,,,,,,,,,,,,,,,,
FLD_RET_PERIODICITY,SYSID,,RF_PERIODICITY,Periodicity,NULL,FALSE,NULL,,,,,,,,,,,,,,,,,,,,,,,,,,,,,
,,,,,,,,,,,,,,,,,,,,,,,,,,,,,,,,,,,,
[AGGR_KEY:Aggregate Key,,FALSE,FALSE,FALSE,FALSE,FALSE,,,,,,,,,,,,,,,,,,,,,,,,,,,,,,
FLD_AGGR_KEY_DATA_TYPE,LONG,,RF_AGGR_KEY_DATA_TYPE,AggrKeyDataType,NULL,FALSE,NULL,,,,,,,,,,,,,,,,,,,,,,,,,,,,,
FLD_AGGR_KEY_STRING,STR,,RF_AGGR_KEY_STRING,AggrKeyString,NULL,FALSE,NULL,,,,,,,,,,,,,,,,,,,,,,,,,,,,,
FLD_AGGR_KEY_NUMBER,NUM,,RF_AGGR_KEY_NUMBER,AggrKeyNumber,NULL,FALSE,NULL,,,,,,,,,,,,,,,,,,,,,,,,,,,,,
FLD_AGGR_KEY_LONG,LONG,,RF_AGGR_KEY_LONG,AggrKeyLong,NULL,FALSE,NULL,,,,,,,,,,,,,,,,,,,,,,,,,,,,,
FLD_AGGR_KEY_BOOL,BOOL,,RF_AGGR_KEY_BOOL,AggrKeyBool,NULL,FALSE,NULL,,,,,,,,,,,,,,,,,,,,,,,,,,,,,
*NULL,DATE,,RF_AGGR_KEY_DATE,AggrKeyDate,NULL,FALSE,NULL,,,,,,,,,,,,,,,,,,,,,,,,,,,,,
*NULL,SYSID,,RF_AGGR_KEY_SYSNAME,AggrKeySysName,NULL,FALSE,NULL,,,,,,,,,,,,,,,,,,,,,,,,,,,,,
*NULL,LONG,,RF_AGGR_KEY_MST_TYPE,AggrKeyMstType,NULL,FALSE,NULL,,,,,,,,,,,,,,,,,,,,,,,,,,,,,
*NULL,STR,,RF_AGGR_KEY_MST_TYPE_NAME,AggrKeyMstTypeName,NULL,FALSE,NULL,,,,,,,,,,,,,,,,,,,,,,,,,,,,,
*NULL,STR,,RF_AGGR_KEY_MST_NAME,AggrKeyMstName,NULL,FALSE,NULL,,,,,,,,,,,,,,,,,,,,,,,,,,,,,
,,,,,,,,,,,,,,,,,,,,,,,,,,,,,,,,,,,,
[ADJUSTMENT_DETAILS : Adjustment Details,,,FALSE,FALSE,FALSE,FALSE,FALSE,,,,,,,,,,,,,],,,,,,,,,,,,,,,,
FLD_ADJUSTMENT_NAME,SYSID,,RF_NAME,Name,NULL,FALSE,NULL,,,,,,,,,,,,,,,,,,,,,,,,,,,,,
FLD_ADJUSTMENT_AMT,NUM,,RF_AMOUNT,Amount,NULL,FALSE,NULL,,,,,,,,,,,,,,,,,,,,,,,,,,,,,
FLD_GST_TAX_ADDL_DETAILS,AGGR,,RF_GST_TAX_ADDL_DETAILS,Gst Tax Additional Details,NULL,TRUE,OBJ_GST_TAX_ADDL_DETAILS,,,,,,,,,,,,,,,,,,,,,,,,,,,,,
,,,,,,,,,,,,,,,,,,,,,,,,,,,,,,,,,,,,
[GST_TAX_ADDL_DETAILS: GstTax Additional Details,, FALSE, FALSE, FALSE, FALSE,FALSE,,,,,,,,,,,,,,],,,,,,,,,,,,,,,,
*FLD_TAX_SUB_TYPE,SYSID,,RF_SUB_TYPE,SubType,NULL,FALSE,NULL,,,,,,,,,,,,,,,,,,,,,,,,,,,,,
FLD_GST_TAX_AMT,NUM,,RF_AMOUNT,Amount,NULL,FALSE,NULL,,,,,,,,,,,,,,,,,,,,,,,,,,,,,
FLD_GST_TAX_TYPE_ALLOCS,AGGR,,RF_GST_TAX_TYPE_ALLOCS,GstTaxTypeAllocations,NULL,TRUE,OBJ_GST_TAX_TYPE_ALLOCS,,,,,,,,,,,,,,,,,,,,,,,,,,,,,
,,,,,,,,,,,,,,,,,,,,,,,,,,,,,,,,,,,,
[GST_TAX_TYPE_ALLOCS:Gst TaxTypeAllocations,, FALSE, FALSE, FALSE, FALSE,FALSE, ,,,,,,,,,,,,,],,,,,,,,,,,,,,,,
*FLD_TAX_TYPE,SYSID,,RF_TAX_TYPE,Tax Type,NULL,FALSE,NULL,,,,,,,,,,,,,,,,,,,,,,,,,,,,,
*FLD_GST_TAX_AMT,NUM,, RF_AMOUNT,Amount,NULL,FALSE,NULL,,,,,,,,,,,,,,,,,,,,,,,,,,,,,
,,,,,,,,,,,,,,,,,,,,,,,,,,,,,,,,,,,,
[NATURE_WISE_DETAILS: NatureWiseDetails,, FALSE, FALSE, FALSE, FALSE, FALSE,FALSE,,,,,,,,,,,,,,,,,,,,,,,,,,,,,
FLD_GST_NATURE,STR,,RF_GST_NATURE,GSTNature,NULL, FALSE,NULL,,,,,,,,,,,,,,,,,,,,,,,,,,,,,
FLD_NAT_GST_ASSES_VAL_AMT,NUM,,RF_ASSESS_VAL,AssessableValue,NULL,FALSE,NULL,,,,,,,,,,,,,,,,,,,,,,,,,,,,,
FLD_NAT_GST_SGST_AMT,NUM,,RF_SGST_AMT,SGSTAmt,NULL,FALSE,NULL,,,,,,,,,,,,,,,,,,,,,,,,,,,,,
FLD_NAT_GST_CGST_AMT,NUM,,RF_CGST_AMT,CGSTAmt,NULL,FALSE,NULL,,,,,,,,,,,,,,,,,,,,,,,,,,,,,
FLD_NAT_GST_IGST_AMT,NUM,,RF_IGST_AMT,IGSTAmt,NULL,FALSE,NULL,,,,,,,,,,,,,,,,,,,,,,,,,,,,,
FLD_NAT_GST_CESS_AMT,NUM,,RF_CESS_AMT,CessAmt,NULL,FALSE,NULL,,,,,,,,,,,,,,,,,,,,,,,,,,,,,
FLD_NAT_GST_ITC_SGST_AMT,NUM,,RF_ITC_SGST_AMT,ITCSGSTAmt,NULL,FALSE,NULL,,,,,,,,,,,,,,,,,,,,,,,,,,,,,
FLD_NAT_GST_ITC_CGST_AMT,NUM,,RF_ITC_CGST_AMT,ITCCGSTAmt,NULL,FALSE,NULL,,,,,,,,,,,,,,,,,,,,,,,,,,,,,
FLD_NAT_GST_ITC_IGST_AMT,NUM,,RF_ITC_IGST_AMT,ITCIGSTAmt,NULL,FALSE,NULL,,,,,,,,,,,,,,,,,,,,,,,,,,,,,
FLD_NAT_GST_ITC_CESS_AMT,NUM,,RF_ITC_CESS_AMT,ITCCessAmt,NULL,FALSE,NULL,,,,,,,,,,,,,,,,,,,,,,,,,,,,,
 FLD_NAT_GST_RATE,NUM,,RF_RATE_OF_GST,GSTRate,NULL,FALSE,NULL,,,,,,,,,,,,,,,,,,,,,,,,,,,,,
,,,,,,,,,,,,,,,,,,,,,,,,,,,,,,,,,,,,
[GST_LOGIN_STATUS_DETAILS: GstLoginStatusDetails,,FALSE,FALSE,FALSE,FALSE,FALSE,,,,,,,,,,,,,,],,,,,,,,,,,,,,,,
*NULL,STR,,RF_CMP_NAME,CompanyName,NULL,FALSE,NULL,,,,,,,,,,,,,,,,,,,,,,,,,,,,,
*NULL,STR,,RF_GST_GSTIN,GSTIN,NULL,FALSE,NULL,,,,,,,,,,,,,,,,,,,,,,,,,,,,,
*NULL,STR,,RF_USERNAME,Username,NULL,FALSE,NULL,,,,,,,,,,,,,,,,,,,,,,,,,,,,,
*NULL,STR,,RF_TALLYUSER,Tally User,NULL,FALSE,NULL,,,,,,,,,,,,,,,,,,,,,,,,,,,,,
*NULL,BOOL,,RF_IS_ACTIVE,IsActive,NULL,FALSE,NULL,,,,,,,,,,,,,,,,,,,,,,,,,,,,,
*NULL,BOOL,,RF_IS_LOCAL_TCS,Is Local TCS,NULL,FALSE,NULL,,,,,,,,,,,,,,,,,,,,,,,,,,,,,
*NULL,DATETIME,,RF_LOGGED_IN_AT,Logged In At,NULL,FALSE,NULL,,,,,,,,,,,,,,,,,,,,,,,,,,,,,
,,,,,,,,,,,,,,,,,,,,,,,,,,,,,,,,,,,,
[STAT_DATE_ENTRIES: StatDateEntries,,FALSE,FALSE,FALSE,FALSE,FALSE,,,,,,,,,,,,,,],,,,,,,,,,,,,,,,
*NULL,DATE,,RF_GST_FINANCIAL_PERIOD,FPDate,NULL,FALSE,NULL,,,,,,,,,,,,,,,,,,,,,,,,,,,,,
,,,,,,,,,,,,,,,,,,,,,,,,,,,,,,,,,,,,
[AGGR_PATH:Aggregate Path,,FALSE,FALSE,FALSE,FALSE,FALSE,,,,,,,,,,,,,,],,,,,,,,,,,,,,,,
*NULL,SYSID,,RF_PURPOSE_ID,PurposeId,NULL,FALSE,NULL,,,,,,,,,,,,,,,,,,,,,,,,,,,,,
*NULL,SYSID,,RF_SUB_PURPOSE_TYPE,SubPurposeId,NULL,FALSE,NULL,,,,,,,,,,,,,,,,,,,,,,,,,,,,,
*NULL,BOOL,,RF_AGGR_PATH_MASTER,AggrPathIsMaster,NULL,FALSE,NULL,,,,,,,,,,,,,,,,,,,,,,,,,,,,,
*NULL,LONG,,RF_AGGR_PATH_MASTER_TYPE,AggrPathMasterType,NULL,FALSE,NULL,,,,,,,,,,,,,,,,,,,,,,,,,,,,,
*NULL,STR,,RF_AGGR_NAME,AggrName,NULL,FALSE,NULL,,,,,,,,,,,,,,,,,,,,,,,,,,,,,
*NULL,STR,,RF_AGGR_ON_NAME,AggrOnName,NULL,FALSE,NULL,,,,,,,,,,,,,,,,,,,,,,,,,,,,,
*NULL,LONG,,RF_AGGR_ON_DATATYPE,AggrOnDataType,NULL,FALSE,NULL,,,,,,,,,,,,,,,,,,,,,,,,,,,,,
*NULL,BOOL,,RF_AGGR_ON_BOOL_VALUE,AggrOnBoolValue,NULL,FALSE,NULL,,,,,,,,,,,,,,,,,,,,,,,,,,,,,
*NULL,LONG,,RF_AGGR_ON_LONG_VALUE,AggrOnLongValue,NULL,FALSE,NULL,,,,,,,,,,,,,,,,,,,,,,,,,,,,,
*NULL,NUM,,RF_AGGR_ON_NUM_VALUE,AggrOnNumValue,NULL,FALSE,NULL,,,,,,,,,,,,,,,,,,,,,,,,,,,,,
*NULL,SYSID,,RF_AGGR_ON_SYSID_VALUE,AggrOnSysIdValue,NULL,FALSE,NULL,,,,,,,,,,,,,,,,,,,,,,,,,,,,,
*NULL,LONG,,RF_AGGR_ON_MSTID_VALUE,AggrOnMSTIDValue,NULL,FALSE,NULL,,,,,,,,,,,,,,,,,,,,,,,,,,,,,
*NULL,STR,,RF_AGGR_ON_STR_VALUE,AggrOnStringValue,NULL,FALSE,NULL,,,,,,,,,,,,,,,,,,,,,,,,,,,,,
*NULL,DATE,,RF_AGGR_ON_DATE_VALUE,AggrOnDateValue,NULL,FALSE,NULL,,,,,,,,,,,,,,,,,,,,,,,,,,,,,
*NULL,LONG,,RF_AGGR_ON_PATH_COUNT,AggrOnPathCount,NULL,FALSE,NULL,,,,,,,,,,,,,,,,,,,,,,,,,,,,,
*NULL,AGGR,,RF_AGGR_ON_PATH,AggrOnPath,NULL,TRUE,OBJ_AGGR_PATH,,,,,,,,,,,,,,,,,,,,,,,,,,,,,
,,,,,,,,,,,,,,,,,,,,,,,,,,,,,,,,,,,,
[HSN_DETAILS: HSN Details,, FALSE, FALSE, FALSE, FALSE, FALSE,RF_APP_PERIOD_FROM,,,,,,,,,,,,TRUE,],,,,,,,,,,,,,,,,
*INDIRECT,DATE,,RF_APP_PERIOD_FROM,Applicable From,NULL,FALSE,NULL,,,,,,,,,,,,,,,,,,,,,,,,,,,,110,
FLD_HSN_DET_HSN,STR,,RF_HSN,HSN,NULL,FALSE,NULL,,,,,,,,,,,,,,,,,,,,,,,,,,,,70,
FLD_HSN_DET_HSN_CODE,STR,,RF_HSN_CODE,HSNCode,NULL,FALSE,NULL,,,,,,,,,,,,,,,,,,,,,,,,,,,,71,
FLD_HSN_DET_HSN_MASTER_NAME,MSTID,,RF_HSN_MASTER_NAME,HSNMasterName,NULL,FALSE,NULL,OBJ_GST_CLASSIF,,,,,,,,,,,,,,,,,,,,,,,,,,,69,
FLD_HSN_DET_GST_APP_STATUS,SYSID,,RF_GST_APP_STATUS,GSTAppStatus,NULL,FALSE,NULL,,,,,,,,,,,,,,,,,,,,,,,,,,,,111,
,,,,,,,,,,,,,,,,,,,,,,,,,,,,,,,,,,,,
[GST_TURN_OVER_RATE_DETAILS: GSTTurnOverRateDetails,, FALSE, FALSE, FALSE, FALSE, FALSE,RF_APP_PERIOD_FROM,,,,,,,,,,,,,],,,,,,,,,,,,,,,,
*INDIRECT,DATE,,RF_APP_PERIOD_FROM,Applicable From,NULL,FALSE,NULL,,,,,,,,,,,,,,,,,,,,,,,,,,,,,
FLD_GST_TO_TURN_OVER_RATE,NUM,,RF_TURN_OVER_RATE,TurnOverRate,NULL,FALSE,NULL,,,,,,,,,,,,,,,,,,,,,,,,,,,,,
,,,,,,,,,,,,,,,,,,,,,,,,,,,,,,,,,,,,
[GST_ROUNDING_LIMITS: GSTRoundingLimits,, FALSE, FALSE, FALSE, FALSE, FALSE,RF_APP_PERIOD_FROM,,,,,,,,,,,,,],,,,,,,,,,,,,,,,
*INDIRECT,DATE,,RF_APP_PERIOD_FROM,Applicable From,NULL,FALSE,NULL,,,,,,,,,,,,,,,,,,,,,,,,,,,,,
FLD_GST_RNDG_LMTS_ROUNDING_LIMIT,NUM,,RF_ROUND_LIMIT,RoundingLimit,NULL,FALSE,NULL,,,,,,,,,,,,,,,,,,,,,,,,,,,,,
FLD_GST_RNDG_LMTS_IS_ZERO,BOOL,,RF_IS_ZERO,IsZero,NULL,FALSE,NULL,,,,,,,,,,,,,,,,,,,,,,,,,,,,,
,,,,,,,,,,,,,,,,,,,,,,,,,,,,,,,,,,,,
,,,,,,,,,,,,,,,,,,,,,,,,,,,,,,,,,,,,
[ORIG_TAX_RATE_DETAILS: Original TaxRate Details,, FALSE, FALSE, FALSE, FALSE, FALSE,NULL,,,,,,,,,,,,,],,,,,,,,,,,,,,,,
FLD_ORIG_RATE_DET_RATE,NUM,,RF_PRICE_RATE,Rate, FALSE, FALSE,NULL,,,,,,,,,,,,,,,,,,,,,,,,,,,,,
FLD_ORIG_RATE_DET_TAXABLE_AMT,AMT,,RF_TAX_AMT,TaxAmount, FALSE, FALSE,NULL,,,,,,,,,,,,,,,,,,,,,,,,,,,,,
FLD_ORIG_RATE_DET_IGST_AMT,AMT,,RF_SGST_AMT,SGSTAmt, FALSE, FALSE,NULL,,,,,,,,,,,,,,,,,,,,,,,,,,,,,
FLD_ORIG_RATE_DET_CGST_AMT,AMT,,RF_CGST_AMT,CGSTAmt, FALSE, FALSE,NULL,,,,,,,,,,,,,,,,,,,,,,,,,,,,,
FLD_ORIG_RATE_DET_SGST_AMT,AMT,,RF_IGST_AMT,IGSTAmt, FALSE, FALSE,NULL,,,,,,,,,,,,,,,,,,,,,,,,,,,,,
FLD_ORIG_RATE_DET_CESS_AMT,AMT,,RF_CESS_AMT,CessAmt, FALSE, FALSE,NULL,,,,,,,,,,,,,,,,,,,,,,,,,,,,,
